movimiento_id,fecha,anio_origen,equipo_id,categoria_id,proveedor_id,beneficiario,concepto,cantidad,unidad,precio_unitario,subtotal,iva,total,tiene_factura,medio_pago,es_reconstruido,archivo_origen,hoja_origen
1,2024-05-28,2024,17,13,1,,MANTENIMIENTO,1,SERV,1100.0,1100.0,,1100.0,FALSE,POR CONFIRMAR,FALSE,2024,GENERADOR EVANS 8500
2,2024-04-11,2024,1,4,2,,ANTICONGELANTE,1,PZA,236.85,236.85,37.896,274.746,TRUE,POR CONFIRMAR,FALSE,2024,XP375
3,2024-05-27,2024,1,19,3,,MANGUERA PARA TAPON IMPROVISADO DE INYECTOR,1,MT,51.47,51.47,8.2352,59.7052,TRUE,POR CONFIRMAR,FALSE,2024,XP375
4,2024-06-01,2024,1,13,4,,ABONO DE REPARACION DE ALTERNADOR Y CHEQUEO DE SISTEMA ELECTRICO,1,SERV,3000.0,3000.0,,3000.0,FALSE,POR CONFIRMAR,FALSE,2024,XP375
5,2024-06-11,2024,1,4,2,,ANTICONGELANTE C/19 LTS,1,PZA,1053.45,1053.45,168.552,1222.002,TRUE,POR CONFIRMAR,FALSE,2024,XP375
6,2024-06-26,2024,1,19,5,,INYECTOR,2,PZA,7040.48,7040.48,1126.4768,8166.9568,TRUE,POR CONFIRMAR,FALSE,2024,XP375
7,2024-06-28,2024,1,13,6,,REPARACION FALLO ELECTRICO,1,SERV,2400.0,2400.0,384.0,2784.0,TRUE,POR CONFIRMAR,FALSE,2024,XP375
8,2024-07-03,2024,1,13,7,,INSTALACION DE MOFLE,1,SERV,1780.6,1780.6,284.896,2065.496,TRUE,POR CONFIRMAR,FALSE,2024,XP375
9,2024-07-11,2024,1,19,8,,MANGUERA FLEXIBLE PARA ESCAPE,1,MT,723.41,723.41,115.7456,839.1556,TRUE,POR CONFIRMAR,FALSE,2024,XP375
10,2024-07-11,2024,1,19,8,,MARCADOR DE TEMPERATURA VERZE,1,PZA,688.81,688.81,110.2096,799.0196,TRUE,POR CONFIRMAR,FALSE,2024,XP375
11,2024-07-15,2024,1,19,9,,INTERRUPTOR ENCENDIDO COLA DE COCHINO,1,PZA,171.55,171.55,27.448,198.998,TRUE,POR CONFIRMAR,FALSE,2024,XP375
12,2024-07-17,2024,1,19,8,,MANGUERA TWISTER,1,PZA,1260.19,1260.19,201.6304,1461.8204,TRUE,POR CONFIRMAR,FALSE,2024,XP375
13,2024-07-17,2024,1,4,8,,BIDON REFRIGERANTE ECOM 20L,1,PZA,583.47,583.47,93.3552,676.8252,TRUE,POR CONFIRMAR,FALSE,2024,XP375
14,2024-07-25,2024,1,4,10,,PASTA EPOXICA,1,PZA,129.31,129.31,20.6896,149.9996,TRUE,POR CONFIRMAR,FALSE,2024,XP375
15,2024-09-03,2024,1,4,11,,ACEITE TRANSMISION AUTOMATICA C/19 L,1,PZA,1551.77,1551.77,248.2832,1800.0532,TRUE,POR CONFIRMAR,FALSE,2024,XP375
16,2024-09-10,2024,1,4,11,,ACEITE TRANSMISION AUTOMATICA C/19 L,1,PZA,1551.77,1551.77,248.2832,1800.0532,TRUE,POR CONFIRMAR,FALSE,2024,XP375
17,2024-09-20,2024,1,19,12,,SELLO MECANICO DE LA UNIDAD,1,PZA,6646.55,6646.55,1063.448,7709.998,TRUE,POR CONFIRMAR,FALSE,2024,XP375
18,2024-09-20,2024,1,4,12,,ACEITE PARA COMPRESOR PROTEC C/19 L,2,PZA,7400.0,7400.0,1184.0,8584.0,TRUE,POR CONFIRMAR,FALSE,2024,XP375
19,2024-09-20,2024,1,19,13,,ORING PARA SELLO MECANICO,2,PZA,47.84,47.84,7.6544,55.4944,TRUE,POR CONFIRMAR,FALSE,2024,XP375
20,2024-09-20,2024,1,4,14,,FILTRO AIRE 49972 WIX (P-637535),2,PZA,1387.92,1387.92,222.0672,1609.9872,TRUE,POR CONFIRMAR,FALSE,2024,XP375
21,2024-09-20,2024,1,4,14,,FILTRO AIRE 49973 WIX (P-637536),2,PZA,982.76,982.76,157.2416,1140.0016,TRUE,POR CONFIRMAR,FALSE,2024,XP375
22,2024-09-20,2024,1,4,14,,FILTRO HIDRAULICO P-165569 DONALDSON (HF-6586),1,PZA,1535.35,1535.35,245.656,1781.006,TRUE,POR CONFIRMAR,FALSE,2024,XP375
23,2024-09-21,2024,1,4,14,,ACEITE DIESEL 15W40 C/19 L ROSHFRANS,1,PZA,1650.87,1650.87,264.1392,1915.0092,TRUE,POR CONFIRMAR,FALSE,2024,XP375
24,2024-09-21,2024,1,4,14,,FILTRO COMB P-550105 DONALDSON (FF105),1,PZA,120.34,120.34,19.2544,139.5944,TRUE,POR CONFIRMAR,FALSE,2024,XP375
25,2024-09-21,2024,1,4,14,,FILTRO ACEITE P-550779 DONALDSON (LF16243),1,PZA,316.63,316.63,50.6608,367.2908,TRUE,POR CONFIRMAR,FALSE,2024,XP375
26,2024-09-21,2024,1,4,14,,FILTRO COMB BF-1278 BALDWIN HD,1,PZA,716.38,716.38,114.6208,831.0008,TRUE,POR CONFIRMAR,FALSE,2024,XP375
27,2024-09-26,2024,1,13,15,,BAJAR UNIDAD DE AIRE PARA CAMBIAR EL SELLO MECANICO,1,SERV,9500.0,9500.0,,9500.0,FALSE,POR CONFIRMAR,FALSE,2024,XP375
28,2024-09-26,2024,1,13,15,,CAMBIAR BANJO Y TUBO DE INYECCION COMBUSTIBLE,1,SERV,3200.0,3200.0,,3200.0,FALSE,POR CONFIRMAR,FALSE,2024,XP375
29,2024-09-26,2024,1,13,15,,MANTENIMIENTO MAYOR A UNIDAD Y MOTOR,1,SERV,1800.0,1800.0,,1800.0,FALSE,POR CONFIRMAR,FALSE,2024,XP375
30,2024-09-30,2024,1,19,2,,TERMINAL PARA BATERIA,2,PZA,117.24,117.24,18.7584,135.9984,TRUE,POR CONFIRMAR,FALSE,2024,XP375
31,2024-09-30,2024,1,4,14,,ANTICONGELANTE CONCENTRADO C/19 LTS ROSHFRANS,1,PZA,1185.35,1185.35,189.656,1375.006,TRUE,POR CONFIRMAR,FALSE,2024,XP375
32,2024-10-24,2024,1,19,10,,TAPA DE RADIADOR,1,PZA,129.31,129.31,20.6896,149.9996,TRUE,POR CONFIRMAR,FALSE,2024,XP375
33,2024-10-24,2024,1,19,10,,TERMINAL DE BATERIA PLACA DE BRONCE 4 TORNILLOS,4,PZA,172.4,172.4,27.584,199.984,TRUE,POR CONFIRMAR,FALSE,2024,XP375
34,2024-11-05,2024,1,19,16,,HOROMETRO 12V,1,PZA,396.47,396.47,63.4352,459.9052,TRUE,POR CONFIRMAR,FALSE,2024,XP375
35,2024-11-05,2024,1,19,16,,CABLE INSTALACION NEGRO #10,5,MT,128.61,128.61,20.5776,149.1876,TRUE,POR CONFIRMAR,FALSE,2024,XP375
36,2024-11-05,2024,1,4,16,,LUBRICANTE AFLOJATODO 11 OZ,1,PZA,145.69,145.69,23.3104,169.0004,TRUE,POR CONFIRMAR,FALSE,2024,XP375
37,2024-11-13,2024,1,13,17,,REPARACION RADIADOR,1,SERV,4500.0,4500.0,720.0,5220.0,TRUE,POR CONFIRMAR,FALSE,2024,XP375
38,2024-11-20,2024,1,19,8,,BOMBA AUXILIAR DE COMBUSTIBLE,1,PZA,671.55,671.55,107.448,778.998,TRUE,POR CONFIRMAR,FALSE,2024,XP375
39,2024-11-21,2024,1,4,18,,FILTRO COMBUSTIBLE FF105 33109,1,PZA,180.0,180.0,28.8,208.8,TRUE,POR CONFIRMAR,FALSE,2024,XP375
40,2024-03-12,2024,11,11,19,,REPARACION LLANTA 7.50-17,1,SERV,183.19,183.19,29.3104,212.5004,TRUE,POR CONFIRMAR,FALSE,2024,DRILL
41,2024-08-21,2024,11,4,14,,GRASA CHASIS E-LITE C/16KG ROSHFRANS,0.2,PZA,287.76,287.76,46.0416,333.8016,TRUE,POR CONFIRMAR,FALSE,2024,DRILL
42,2024-08-23,2024,11,13,20,,"APERTURA DE MARTILLO PUMA 5""",1,SERV,1200.0,1200.0,,1200.0,TRUE,POR CONFIRMAR,FALSE,2024,DRILL
43,2024-08-27,2024,11,13,20,,"REPARACION LLAVE ""H""",1,SERV,600.0,600.0,96.0,688.5,TRUE,POR CONFIRMAR,FALSE,2024,DRILL
44,2024-09-05,2024,11,19,21,,"MARTILLO DE 5.5"" PUMA MEDIO USO",1,PZA,25000.0,25000.0,,25000.0,FALSE,POR CONFIRMAR,FALSE,2024,DRILL
45,2024-11-12,2024,11,4,22,,TABLON PINO 1.5X12X8.25,4,PZA,1896.56,1896.56,303.4496,2200.0096,TRUE,POR CONFIRMAR,FALSE,2024,DRILL
46,2024-11-13,2024,11,12,8,,MANGUERA TWISTER 2225T250,1,PZA,1260.19,1260.19,201.6304,1461.8204,TRUE,POR CONFIRMAR,FALSE,2024,DRILL
47,2024-11-13,2024,11,12,8,,MANGUERA REFORZADA 3/4 MULTIUSOS,10,MT,1937.16,1937.16,309.9456,2247.1056,TRUE,POR CONFIRMAR,FALSE,2024,DRILL
48,2024-11-13,2024,11,12,8,,ABRAZADERA INDUSTRIAL GALVANIZADA 1-47/64,1,PZA,67.47,67.47,10.7952,78.2652,TRUE,POR CONFIRMAR,FALSE,2024,DRILL
49,2024-11-13,2024,11,12,8,,ABRAZADERA INDUSTRIAL GALVANIZADA 1-1/2,1,PZA,98.56,98.56,15.7696,114.3296,TRUE,POR CONFIRMAR,FALSE,2024,DRILL
50,2024-01-19,2024,6,12,3,,MANGUERA PARKER 1/4 5800 PSI,2.65,MT,419.9,419.9,67.184,487.084,TRUE,POR CONFIRMAR,FALSE,2024,Z3
51,2024-01-19,2024,6,12,3,,CONEXIÓN CRIMPABLE HEMBRA JIC 1/4,2,PZA,230.25,230.25,36.84,267.09,TRUE,POR CONFIRMAR,FALSE,2024,Z3
52,2024-01-23,2024,6,4,13,,KIT DE SELLOS GATO DEL DISCO,1,PZA,1092.78,1092.78,174.8448,1267.6248,TRUE,POR CONFIRMAR,FALSE,2024,Z3
53,2024-01-23,2024,6,4,13,,KIT DE SELLOS GATO DEL DISCO,1,PZA,1478.16,1478.16,236.5056,1714.6656,TRUE,POR CONFIRMAR,FALSE,2024,Z3
54,2024-01-24,2024,6,13,23,,REPARACION DE 2 GATOS DEL DISCO,1,SERV,3500.0,3500.0,,3500.0,TRUE,POR CONFIRMAR,FALSE,2024,Z3
55,2024-01-30,2024,6,11,19,,"RESCATE CBP, SERVICIO A LLANTA 16-70-20",1,SERV,1982.77,1982.77,317.2432,2300.0132,TRUE,POR CONFIRMAR,FALSE,2024,Z3
56,2024-01-31,2024,6,11,24,,LLANTA 16-70-20,1,PZA,8577.59,8577.59,1372.4144,9950.0044,TRUE,POR CONFIRMAR,FALSE,2024,Z3
57,2024-02-07,2024,6,4,14,,ACEITE HIDRAULICO ISO 68 C/19 L,2,PZA,2103.46,2103.46,336.5536,2440.0136,TRUE,POR CONFIRMAR,FALSE,2024,Z3
58,2024-02-07,2024,6,19,25,,"PIEZA #2,15,16,22 CAJA DE ENGRANES",4,PZA,41000.0,41000.0,,41000.0,FALSE,POR CONFIRMAR,FALSE,2024,Z3
59,2024-02-07,2024,6,19,26,,PIEZA #14 CAJA DE ENGRANES,1,PZA,20000.0,20000.0,,20000.0,FALSE,POR CONFIRMAR,FALSE,2024,Z3
60,2024-02-14,2024,6,4,14,,ACEITE TRANSMISION GL5 85W140 B/950 ML,8,PZA,772.4,772.4,123.584,895.984,TRUE,POR CONFIRMAR,FALSE,2024,Z3
61,2024-02-14,2024,6,19,27,,CONO Y TAZA,4,PZA,7404.29,7404.29,1184.6864,8588.9764,TRUE,POR CONFIRMAR,FALSE,2024,Z3
62,2024-02-16,2024,6,13,26,,REPARACION DE CAJA DE ENGRANES,1,SERV,4500.0,4500.0,,4500.0,TRUE,POR CONFIRMAR,FALSE,2024,Z3
63,2024-02-22,2024,6,4,14,,MANTENIMIENTO MAYOR,1,PZA,26475.0,26475.0,4236.0,30711.0,TRUE,POR CONFIRMAR,FALSE,2024,Z3
64,2024-02-26,2024,6,4,28,,PICAS 7/8 SOLLAMI,50,PZA,9250.0,9250.0,1480.0,10730.0,TRUE,POR CONFIRMAR,FALSE,2024,Z3
65,2024-02-26,2024,6,4,28,,PAQUETERIA,1,SERV,300.0,300.0,48.0,348.0,TRUE,POR CONFIRMAR,FALSE,2024,Z3
66,2024-02-28,2024,6,12,3,,MANGUERA PARKER 1/4 5800 PSI,1.57,MT,248.77,248.77,39.8032,288.5732,TRUE,POR CONFIRMAR,FALSE,2024,Z3
67,2024-02-28,2024,6,12,3,,CONEXIÓN HEMBRA,1,PZA,115.12,115.12,18.4192,133.5392,TRUE,POR CONFIRMAR,FALSE,2024,Z3
68,2024-02-28,2024,6,12,3,,CONEXIÓN CODO HEMBRA,1,PZA,250.76,250.76,40.1216,290.8816,TRUE,POR CONFIRMAR,FALSE,2024,Z3
69,2024-02-28,2024,6,12,3,,MANGUERA PARKER 1/4 5800 PSI,2.66,MT,421.48,421.48,67.4368,488.9168,TRUE,POR CONFIRMAR,FALSE,2024,Z3
70,2024-02-28,2024,6,12,3,,CONEXIÓN HEMBRA,2,PZA,230.25,230.25,36.84,267.09,TRUE,POR CONFIRMAR,FALSE,2024,Z3
71,2024-02-28,2024,6,12,3,,FERULA CRIMPABLE 1/4,1,PZA,206.4,206.4,33.024,239.424,TRUE,POR CONFIRMAR,FALSE,2024,Z3
72,2024-02-28,2024,6,12,3,,MANGUERA PARKER 1-1/4 200 PSI,1.48,MT,1474.24,1474.24,235.8784,1710.1184,TRUE,POR CONFIRMAR,FALSE,2024,Z3
73,2024-02-28,2024,6,12,3,,SERVICIO DE RECUPERACION,1,PZA,250.0,250.0,40.0,290.0,TRUE,POR CONFIRMAR,FALSE,2024,Z3
74,2024-03-04,2024,6,13,26,,MANO DE OBRA MANTENIMIENTO,1,SERV,2500.0,2500.0,,2500.0,TRUE,POR CONFIRMAR,FALSE,2024,Z3
75,2024-03-04,2024,6,13,26,,CAMBIO DE MANGUERAS,2,SERV,1600.0,1600.0,,1600.0,TRUE,POR CONFIRMAR,FALSE,2024,Z3
76,2024-03-04,2024,6,13,26,,"REPARAR BANCO DE VALVULAS, Y FUGA DE ALTA Y BAJA DEL DIFERENCIAL",1,SERV,8500.0,8500.0,,8500.0,TRUE,POR CONFIRMAR,FALSE,2024,Z3
77,2024-03-04,2024,6,13,26,,CAMBIO DE ARNES DEL PEDAL,1,SERV,1200.0,1200.0,,1200.0,TRUE,POR CONFIRMAR,FALSE,2024,Z3
78,2024-03-14,2024,6,4,13,,SELLOS BANCO DE VALVULAS,270,PZA,4680.58,4680.58,748.8928,5429.4728,TRUE,POR CONFIRMAR,FALSE,2024,Z3
79,2024-03-19,2024,6,4,14,,ACEITE HIDRAULICO ISO 68 C/19 L,2,PZA,3562.08,3562.08,569.9328,4132.0128,TRUE,POR CONFIRMAR,FALSE,2024,Z3
80,2024-03-27,2024,6,4,14,,ACEITE HIDRAULICO ISO 68 C/19 L,1,PZA,1051.73,1051.73,168.2768,1220.0068,TRUE,POR CONFIRMAR,FALSE,2024,Z3
81,2024-03-27,2024,6,4,14,,ACEITE TRANSMISION GL5 85W140 B/950 ML,4,PZA,413.8,413.8,66.208,480.008,TRUE,POR CONFIRMAR,FALSE,2024,Z3
82,2024-04-02,2024,6,4,14,,ACEITE HIDRAULICO ISO 68 C/19 L,2,PZA,1051.73,1051.73,168.2768,1220.0068,TRUE,POR CONFIRMAR,FALSE,2024,Z3
83,2024-04-16,2024,6,12,3,,MANGUERAS Y CONEXIONES,19,PZA,5207.32,5207.32,833.1712,6040.4912,TRUE,POR CONFIRMAR,FALSE,2024,Z3
84,2024-04-17,2024,6,12,3,,"MANGUERAS, CONEXIONES, CODO Y O-RINGS",12,PZA,5791.5,5791.5,926.64,6718.14,TRUE,POR CONFIRMAR,FALSE,2024,Z3
85,2024-04-17,2024,6,4,14,,ACEITE HIDRAULICO ISO 68 C/19 L,3,PZA,4396.56,4396.56,703.4496,5100.0096,TRUE,POR CONFIRMAR,FALSE,2024,Z3
86,2024-04-24,2024,6,4,29,,ACEITE HIDRAULICO ISO 68 C/19 L,3,PZA,2147.52,2147.52,343.6032,2491.1232,TRUE,POR CONFIRMAR,FALSE,2024,Z3
87,2024-04-29,2024,6,19,3,,BOMBA DE ADITAMENTOS AUXILIAR,1,PZA,14066.0,14066.0,2250.56,16316.56,TRUE,POR CONFIRMAR,FALSE,2024,Z3
88,2024-04-30,2024,6,4,28,,PICAS 7/8 SOLLAMI,50,PZA,7500.0,7500.0,1200.0,8700.0,TRUE,POR CONFIRMAR,FALSE,2024,Z3
89,2024-05-02,2024,6,4,14,,FILTRO ACEITE P-550428,1,PZA,223.28,223.28,35.7248,259.0048,TRUE,POR CONFIRMAR,FALSE,2024,Z3
90,2024-05-02,2024,6,4,14,,ACEITE MOTOR 15W40 C/19 LTS MOBIL,1,PZA,2232.76,2232.76,357.2416,2590.0016,TRUE,POR CONFIRMAR,FALSE,2024,Z3
91,2024-05-07,2024,6,19,30,,MARCADOR VEETHREE 150 PSI ACEITE,1,PZA,282.72,282.72,45.2352,327.9552,TRUE,POR CONFIRMAR,FALSE,2024,Z3
92,2024-05-07,2024,6,12,3,,"MANGUERAS, CONEXIONES, ADAPTADOR TAPON",22,PZA,2301.77,2301.77,368.2832,2670.0532,TRUE,POR CONFIRMAR,FALSE,2024,Z3
93,2024-05-07,2024,6,4,13,,KIT DE SELLOS,1,PZA,1219.35,1219.35,195.096,1414.446,TRUE,POR CONFIRMAR,FALSE,2024,Z3
94,2024-05-07,2024,6,12,3,,MANGUERAS Y CONEXIONES,7,PZA,751.78,751.78,120.2848,872.0648,TRUE,POR CONFIRMAR,FALSE,2024,Z3
95,2024-05-07,2024,6,4,13,,KIT DE SELLOS,1,PZA,879.43,879.43,140.7088,1020.1388,TRUE,POR CONFIRMAR,FALSE,2024,Z3
96,2024-05-08,2024,6,4,29,,ACEITE DE TRANSMISION GL5 85W140 B/.946 LT,10,PZA,713.06,713.06,114.0896,827.1496,TRUE,POR CONFIRMAR,FALSE,2024,Z3
97,2024-05-08,2024,6,4,13,,KIT DE SELLOS,1,PZA,820.24,820.24,131.2384,951.4784,TRUE,POR CONFIRMAR,FALSE,2024,Z3
98,2024-05-10,2024,6,4,14,,ACEITE HIDRAULICO ISO 68 C/19 L,2,PZA,4351.72,4351.72,696.2752,5047.9952,TRUE,POR CONFIRMAR,FALSE,2024,Z3
99,2024-05-11,2024,6,4,13,,KIT SELLOS GATO DIRECCION TRASERA,1,PZA,1616.42,1616.42,258.6272,1875.0472,TRUE,POR CONFIRMAR,FALSE,2024,Z3
100,2024-05-13,2024,6,4,2,,ANTICONGELANTE C/19 LTS,1,PZA,1053.45,1053.45,168.552,1222.002,TRUE,POR CONFIRMAR,FALSE,2024,Z3
101,2024-05-21,2024,6,4,14,,ACEITE HIDRAULICO ISO 68 C/19 L,1,PZA,2175.86,2175.86,348.1376,2523.9976,TRUE,POR CONFIRMAR,FALSE,2024,Z3
102,2024-05-24,2024,6,19,14,,ACUMULADOR LTH L-31P-900AR,1,PZA,2455.18,2455.18,392.8288,2848.0088,TRUE,POR CONFIRMAR,FALSE,2024,Z3
103,2024-05-27,2024,6,4,13,,KIT DE SELLOS GATO DIRECCION DELANTERA,1,PZA,1616.42,1616.42,258.6272,1875.0472,TRUE,POR CONFIRMAR,FALSE,2024,Z3
104,2024-05-28,2024,6,12,3,,MANGUERAS Y CONEXIONES,7,PZA,2353.85,2353.85,376.616,2730.466,TRUE,POR CONFIRMAR,FALSE,2024,Z3
105,2024-05-31,2024,6,4,14,,ACEITE HIDRAULICO ISO 68 C/19 L,2,PZA,4351.72,4351.72,696.2752,5047.9952,TRUE,POR CONFIRMAR,FALSE,2024,Z3
106,2024-06-04,2024,6,12,3,,MANGUERAS Y CONEXIONES,15,PZA,4574.95,4574.95,731.992,5306.942,TRUE,POR CONFIRMAR,FALSE,2024,Z3
107,2024-06-04,2024,6,4,14,,ACEITE HIDRAULICO ISO 68 C/19 L,3,PZA,6527.61,6527.61,1044.4176,7572.0276,TRUE,POR CONFIRMAR,FALSE,2024,Z3
108,2024-06-07,2024,6,11,19,,SERVICIO A LLANTA 16-70-20 EN CBP,1,SERV,1181.03,1181.03,188.9648,1369.9948,TRUE,POR CONFIRMAR,FALSE,2024,Z3
109,2024-06-25,2024,6,13,26,,REPARACION FUGA HIDRAULICO GATO DIRECCION TRASERA,1,SERV,2500.0,2500.0,400.0,2900.0,TRUE,POR CONFIRMAR,FALSE,2024,Z3
110,2024-06-25,2024,6,13,26,,"MANTENIMIENTO MENOR, CAMBIO DE SELLOS GATO PALA, CAMBIO ORINGS BOMBAS HID, REPARAR PALANCA, REPARAR CABLERIA PEDAL, CAMBIO DE 2 MANGUERAS, ELIMINAR CABLERIA DIRECCION TRASERA PARA CONVERTIR EN MECANICA, CAMBIO DE BOMBA AUXILIAR",8,SERV,5000.0,5000.0,800.0,5800.0,TRUE,POR CONFIRMAR,FALSE,2024,Z3
111,2024-06-25,2024,6,13,26,,CAMBIO DE 8 MANGUERAS,1,SERV,2500.0,2500.0,400.0,2900.0,TRUE,POR CONFIRMAR,FALSE,2024,Z3
112,2024-06-25,2024,6,13,26,,"CAMBIO SELLOS GATO DIRECCION DELANTERA Y CAMBIO DE 3 MANGUERAS, CORREGIR CORTO ELECTRICO DE COMPUTADORA",3,SERV,4000.0,4000.0,640.0,4640.0,TRUE,POR CONFIRMAR,FALSE,2024,Z3
113,2024-07-10,2024,6,12,3,,MANGUERA Y CONEXIONES,3,PZA,1738.44,1738.44,278.1504,2016.5904,TRUE,POR CONFIRMAR,FALSE,2024,Z3
114,2024-07-10,2024,6,4,14,,ACEITE HIDRAULICO ISO 68 C/19 L,3,PZA,6527.61,6527.61,1044.4176,7572.0276,TRUE,POR CONFIRMAR,FALSE,2024,Z3
115,2024-07-11,2024,6,4,14,,ACEITE HIDRAULICO ISO 68 C/19 L,1,PZA,2175.86,2175.86,348.1376,2523.9976,TRUE,POR CONFIRMAR,FALSE,2024,Z3
116,2024-07-13,2024,6,13,4,,CAMBIO DE MANGUERA DEL CUERPO DE VALVULAS AL TANQUE DE HIDRAULICO,1,SERV,2500.0,2500.0,,2500.0,FALSE,POR CONFIRMAR,FALSE,2024,Z3
117,2024-07-23,2024,6,4,14,,ACEITE HIDRAULICO ISO 68 C/19 L,1,PZA,2175.86,2175.86,348.1376,2523.9976,TRUE,POR CONFIRMAR,FALSE,2024,Z3
118,2024-07-23,2024,6,4,14,,FILTRO AIRE AF-26120,1,PZA,641.37,641.37,102.6192,743.9892,TRUE,POR CONFIRMAR,FALSE,2024,Z3
119,2024-07-23,2024,6,4,14,,FILTRO AIRE AF-26121,1,PZA,489.66,489.66,78.3456,568.0056,TRUE,POR CONFIRMAR,FALSE,2024,Z3
120,2024-07-23,2024,6,12,3,,MANGUERAS Y CONEXIONES,3,PZA,2379.47,2379.47,380.7152,2760.1852,TRUE,POR CONFIRMAR,FALSE,2024,Z3
121,2024-07-24,2024,6,4,13,,SELLOS BRIDAS,6,PZA,937.56,937.56,150.0096,1087.5696,TRUE,POR CONFIRMAR,FALSE,2024,Z3
122,2024-07-31,2024,6,4,28,,PICAS 7/8 SOLLAMI,25,PZA,3875.0,3875.0,620.0,4495.0,TRUE,POR CONFIRMAR,FALSE,2024,Z3
123,2024-07-31,2024,6,4,28,,PORTA PICAS,5,PZA,1475.0,1475.0,236.0,1711.0,TRUE,POR CONFIRMAR,FALSE,2024,Z3
124,2024-07-31,2024,6,4,28,,PAQUETERIA,0.5,SERV,140.0,140.0,22.4,162.4,TRUE,POR CONFIRMAR,FALSE,2024,Z3
125,2024-08-15,2024,6,4,14,,ACEITE HIDRAULICO ISO 68 C/19 L,1,PZA,2175.86,2175.86,348.1376,2523.9976,TRUE,POR CONFIRMAR,FALSE,2024,Z3
126,2024-08-15,2024,6,4,13,,KIT DE SELLOS GATO DEL DISCO IZQUIERDO,1,PZA,1684.48,1684.48,269.5168,1953.9968,TRUE,POR CONFIRMAR,FALSE,2024,Z3
127,2024-08-27,2024,6,13,26,,"CAMBIO DE 3 MANGUERAS, LAVADO DE MAQUINA, REPARACION DE FUGA DE LA BOMBA HIDRAULICA, REVISION DE SISTEMA ELECTRICO",4,SERV,6500.0,6500.0,1040.0,7540.0,TRUE,POR CONFIRMAR,FALSE,2024,Z3
128,2024-08-28,2024,6,19,31,,FABRICACION DE BOTA PICAS,1,PZA,350.0,350.0,,350.0,FALSE,POR CONFIRMAR,FALSE,2024,Z3
129,2024-09-11,2024,6,4,28,,PICAS,50,PZA,8750.0,8750.0,1400.0,10150.0,TRUE,POR CONFIRMAR,FALSE,2024,Z3
130,2024-09-11,2024,6,4,28,,PAQUETERIA,1,SERV,280.0,280.0,44.8,324.8,TRUE,POR CONFIRMAR,FALSE,2024,Z3
131,2024-09-11,2024,6,12,3,,MANGUERA DE RADIADOR,6,MT,317.37,317.37,50.7792,368.1492,TRUE,POR CONFIRMAR,FALSE,2024,Z3
132,2024-09-11,2024,6,12,3,,ABRAZADERA 1/2 PULG,4,PZA,20.39,20.39,3.2624,23.6524,TRUE,POR CONFIRMAR,FALSE,2024,Z3
133,2024-09-18,2024,6,19,26,,CONECTOR DE 50 VIAS,1,PZA,4500.0,4500.0,720.0,5220.0,TRUE,POR CONFIRMAR,FALSE,2024,Z3
134,2024-09-18,2024,6,19,26,,CONECTOR DE POTENCIA,1,PZA,2500.0,2500.0,400.0,2900.0,TRUE,POR CONFIRMAR,FALSE,2024,Z3
135,2024-09-18,2024,6,19,26,,EXTRACTOR,1,PZA,300.0,300.0,48.0,348.0,TRUE,POR CONFIRMAR,FALSE,2024,Z3
136,2024-09-18,2024,6,19,26,,TUERCA Y SEGURO PARA CAJA 9,1,PZA,3500.0,3500.0,560.0,4060.0,TRUE,POR CONFIRMAR,FALSE,2024,Z3
137,2024-09-19,2024,6,4,14,,ACEITE SHELL TELLUS HIDRAULICO ISO 68 C/19 LTS,2,PZA,4351.72,4351.72,696.2752,5047.9952,TRUE,POR CONFIRMAR,FALSE,2024,Z3
138,2024-09-25,2024,6,19,32,,TUERCA GRADO 5 5/8,4,PZA,19.4,19.4,3.104,22.504,TRUE,POR CONFIRMAR,FALSE,2024,Z3
139,2024-09-26,2024,6,12,3,,MANGUERA PARKER 3/4 3100 PSI,1.23,MT,342.68,342.68,54.8288,397.5088,TRUE,POR CONFIRMAR,FALSE,2024,Z3
140,2024-09-26,2024,6,12,3,,CONEXIÓN CRIMPABLE HEMBRA 3/4,2,PZA,488.35,488.35,78.136,566.486,TRUE,POR CONFIRMAR,FALSE,2024,Z3
141,2024-10-08,2024,6,13,26,,CAMBIO DE SELLOS DE GATO DISCO,1,PZA,600.0,600.0,96.0,696.0,TRUE,POR CONFIRMAR,FALSE,2024,Z3
142,2024-10-08,2024,6,13,26,,CAMBIO DE RETEN,1,PZA,4800.0,4800.0,768.0,5568.0,TRUE,POR CONFIRMAR,FALSE,2024,Z3
143,2024-10-08,2024,6,13,26,,REPARACION DE ARNES,1,PZA,12500.0,12500.0,2000.0,14500.0,TRUE,POR CONFIRMAR,FALSE,2024,Z3
144,2024-10-21,2024,6,19,33,,CAJA DE ENGRANES #10 REMANUFACTURADA,1,PZA,250000.0,250000.0,40000.0,290000.0,TRUE,POR CONFIRMAR,FALSE,2024,Z3
145,2024-11-01,2024,6,4,14,,FILTRO COMB P-550880 DONALDSON (FF-5632),1,PZA,205.31,205.31,32.8496,238.1596,TRUE,POR CONFIRMAR,FALSE,2024,Z3
146,2024-11-01,2024,6,4,14,,FILTRO COMB FS-19732 FLEETGUARD (FS-11226),1,PZA,496.55,496.55,79.448,575.998,TRUE,POR CONFIRMAR,FALSE,2024,Z3
147,2024-11-01,2024,6,4,14,,FILTRO AIRE AF-26120 FLEETGUARD,1,PZA,942.25,942.25,150.76,1093.01,TRUE,POR CONFIRMAR,FALSE,2024,Z3
148,2024-11-01,2024,6,4,14,,FILTRO AIRE AF-26121 FLEETGUARD,1,PZA,620.69,620.69,99.3104,720.0004,TRUE,POR CONFIRMAR,FALSE,2024,Z3
149,2024-11-01,2024,6,4,14,,FILTRO ACEITE P-550428 DONALDSON (LF-3970),1,PZA,222.63,222.63,35.6208,258.2508,TRUE,POR CONFIRMAR,FALSE,2024,Z3
150,2024-11-01,2024,6,4,14,,FILTRO HIDRAULICO P-164375 DONALDSON (HF-6552),2,PZA,1928.46,1928.46,308.5536,2237.0136,TRUE,POR CONFIRMAR,FALSE,2024,Z3
151,2024-11-01,2024,6,4,14,,FILTRO HIDRAULICO P-565245 DONALDSON,1,PZA,647.48,647.48,103.5968,751.0768,TRUE,POR CONFIRMAR,FALSE,2024,Z3
152,2024-11-01,2024,6,4,14,,ACEITE MOTOR SAE 15W40 C/19 LTS MOBIL,1,PZA,2232.76,2232.76,357.2416,2590.0016,TRUE,POR CONFIRMAR,FALSE,2024,Z3
153,2024-11-01,2024,6,4,14,,ACEITE TRANSMISION GL5 SAE 85W140 C/19 LTS ROSHFRANS,1,PZA,1737.93,1737.93,278.0688,2015.9988,TRUE,POR CONFIRMAR,FALSE,2024,Z3
154,2024-11-01,2024,6,4,14,,ACEITE HIDRAULICO ISO 68 C/19 LTS MOBIL,7,PZA,12467.28,12467.28,1994.7648,14462.0448,TRUE,POR CONFIRMAR,FALSE,2024,Z3
155,2024-11-01,2024,6,4,14,,ANTICONGELANTE USO DIRECTO 33% (VERDE) C/19 LTS QUAKER STATE,1,PZA,706.9,706.9,113.104,820.004,TRUE,POR CONFIRMAR,FALSE,2024,Z3
156,2024-11-04,2024,6,19,32,,"TORNILLOS, ARANDELAS, TUERCAS PARA CAJA DE ENGRANES",68,PZA,298.75,298.75,47.8,346.55,TRUE,POR CONFIRMAR,FALSE,2024,Z3
157,2024-11-05,2024,6,19,34,,"TORNILLOS, ARANDELAS, TUERCAS PARA CAJA DE ENGRANES",60,PZA,1249.96,1249.96,199.9936,1449.9536,TRUE,POR CONFIRMAR,FALSE,2024,Z3
158,2024-11-12,2024,6,4,14,,FILTRO COMB P-550880 DONALDSON (FF-5632),1,PZA,205.31,205.31,32.8496,238.1596,TRUE,POR CONFIRMAR,FALSE,2024,Z3
159,2024-11-12,2024,6,4,14,,FILTRO ACEITE P-550428 DONALDSON (LF-3970),1,PZA,222.63,222.63,35.6208,258.2508,TRUE,POR CONFIRMAR,FALSE,2024,Z3
160,2024-11-12,2024,6,4,14,,ACEITE HIDRAULICO ISO 68 C/19 LTS MOBIL,1,PZA,1781.04,1781.04,284.9664,2066.0064,TRUE,POR CONFIRMAR,FALSE,2024,Z3
161,2024-04-02,2024,5,4,14,,MANTENIMIENTO MAYOR 1/2,17,PZA,20581.04,20581.04,3292.9664,23874.0064,TRUE,POR CONFIRMAR,FALSE,2024,Z2
162,2024-04-02,2024,5,4,14,,MANTENIMIENTO MAYOR 2/2,2,PZA,4351.72,4351.72,696.2752,5047.9952,TRUE,POR CONFIRMAR,FALSE,2024,Z2
163,2024-04-05,2024,5,4,13,,O-RINGS MANGUERAS,51,PZA,2273.16,2273.16,363.7056,2636.8656,TRUE,POR CONFIRMAR,FALSE,2024,Z2
164,2024-04-05,2024,5,19,8,,"MANGUERA FLEXIBLE PARA ESCAPE 3""",1,MT,650.1,650.1,104.016,754.116,TRUE,POR CONFIRMAR,FALSE,2024,Z2
165,2024-04-06,2024,5,13,26,,INSTALACION DE BOMBAS HIDRAULICAS Y MOTOR HIDRAULICO,1,SERV,21000.0,21000.0,,21000.0,FALSE,POR CONFIRMAR,FALSE,2024,Z2
166,2024-04-10,2024,5,19,35,,SOLENOIDE,1,PZA,4057.14,4057.14,649.1424,4706.2824,TRUE,POR CONFIRMAR,FALSE,2024,Z2
167,2024-04-18,2024,5,13,20,,REPARACION DE SEGMENTO Y ENFRIADOR,2,SERV,4083.66,4083.66,602.34,4686.0,TRUE,POR CONFIRMAR,FALSE,2024,Z2
168,2024-04-25,2024,5,13,26,,VIATICOS ACTIVACION Z2 EN TULUM,1,SERV,9000.0,9000.0,1440.0,10440.0,TRUE,POR CONFIRMAR,FALSE,2024,Z2
169,2024-04-25,2024,5,19,8,,MARCADOR PRESION ACEITE,1,PZA,1102.59,1102.59,176.4144,1279.0044,TRUE,POR CONFIRMAR,FALSE,2024,Z2
170,2024-04-30,2024,5,19,28,,CODO,1,PZA,650.0,650.0,104.0,754.0,TRUE,POR CONFIRMAR,FALSE,2024,Z2
171,2024-04-30,2024,5,12,36,,MANGUERA 3/8,1,PZA,140.38,140.38,22.4608,162.8408,TRUE,POR CONFIRMAR,FALSE,2024,Z2
172,2024-04-30,2024,5,12,36,,ABRAZADERA,1,PZA,125.18,125.18,20.0288,145.2088,TRUE,POR CONFIRMAR,FALSE,2024,Z2
173,2024-04-30,2024,5,4,28,,PICAS 7/8,50,PZA,7500.0,7500.0,1200.0,8700.0,TRUE,POR CONFIRMAR,FALSE,2024,Z2
174,2024-05-06,2024,5,4,10,,ACEITE HIDRAULICO C/19 LTS,2,PZA,1896.56,1896.56,303.4496,2200.0096,TRUE,POR CONFIRMAR,FALSE,2024,Z2
175,2024-05-18,2024,5,4,36,,ACEITE HIDRAULICO C/19 LTS,3,PZA,2793.1,2793.1,446.896,3239.996,TRUE,POR CONFIRMAR,FALSE,2024,Z2
176,2024-05-18,2024,5,4,36,,SILICON GRIS TUBO 80 ML,1,PZA,86.21,86.21,13.7936,100.0036,TRUE,POR CONFIRMAR,FALSE,2024,Z2
177,2024-05-22,2024,5,4,18,,ACEITE HIDRAULICO C/19 LTS,1,PZA,862.07,862.07,137.9312,1000.0012,TRUE,POR CONFIRMAR,FALSE,2024,Z2
178,2024-05-23,2024,5,12,8,,MANGUERA REFORZADA 3/4 PARA DIESEL,1.5,MT,363.22,363.22,58.1152,421.3352,TRUE,POR CONFIRMAR,FALSE,2024,Z2
179,2024-05-24,2024,5,19,14,,ACUMULADOR LTH L-31P.900AR,1,PZA,2455.18,2455.18,392.8288,2848.0088,TRUE,POR CONFIRMAR,FALSE,2024,Z2
180,2024-05-28,2024,5,19,10,,TERMINAL BATERIA,2,PZA,86.2,86.2,13.792,99.992,TRUE,POR CONFIRMAR,FALSE,2024,Z2
181,2024-05-28,2024,5,4,10,,ACEITE HIDRAULICO C/19 LTS,3,PZA,2844.84,2844.84,455.1744,3300.0144,TRUE,POR CONFIRMAR,FALSE,2024,Z2
182,2024-05-28,2024,5,12,36,,MANGUERA Y CONEXIONES,4,PZA,1283.48,1283.48,205.3568,1488.8368,TRUE,POR CONFIRMAR,FALSE,2024,Z2
183,2024-05-30,2024,5,12,36,,MANGUERAS Y CONEXIONES,5,PZA,1111.19,1111.19,177.7904,1288.9804,TRUE,POR CONFIRMAR,FALSE,2024,Z2
184,2024-06-05,2024,5,4,10,,ACEITE HIDRAULICO C/19 LTS,3,PZA,2844.84,2844.84,455.1744,3300.0144,TRUE,POR CONFIRMAR,FALSE,2024,Z2
185,2024-06-08,2024,5,12,36,,MANGUERA Y CONEXIONES,3,PZA,469.26,469.26,75.0816,544.3416,TRUE,POR CONFIRMAR,FALSE,2024,Z2
186,2024-06-10,2024,5,12,36,,MANGUERA Y CONEXIONES,3,PZA,1124.08,1124.08,179.8528,1303.9328,TRUE,POR CONFIRMAR,FALSE,2024,Z2
187,2024-06-22,2024,5,4,36,,ACEITE HIDRAULICO C/19 LTS,3,PZA,2798.28,2798.28,447.7248,3246.0048,TRUE,POR CONFIRMAR,FALSE,2024,Z2
188,2024-07-13,2024,5,13,4,,AJUSTAR TORNILLO CUERPO DE VALVULAS,1,SERV,500.0,500.0,,500.0,FALSE,POR CONFIRMAR,FALSE,2024,Z2
189,2024-07-23,2024,5,13,20,,REPARACION DE SEGMENTO,1,SERV,2600.0,2600.0,416.0,2983.5,TRUE,POR CONFIRMAR,FALSE,2024,Z2
190,2024-07-24,2024,5,19,37,,"TORNILLOS SECCION, TUERCA GRIPCO, ARANDELA",10,PZA,527.34,527.34,84.3744,611.7144,TRUE,POR CONFIRMAR,FALSE,2024,Z2
191,2024-07-31,2024,5,4,28,,PICAS 7/8,25,PZA,3875.0,3875.0,620.0,4495.0,TRUE,POR CONFIRMAR,FALSE,2024,Z2
192,2024-07-31,2024,5,4,28,,PORTA PICAS,5,PZA,1475.0,1475.0,236.0,1711.0,TRUE,POR CONFIRMAR,FALSE,2024,Z2
193,2024-07-31,2024,5,4,28,,PAQUETERIA,0.5,SERV,140.0,140.0,22.4,162.4,TRUE,POR CONFIRMAR,FALSE,2024,Z2
194,2024-08-07,2024,5,4,18,,ACEITE HIDRAULICO C/19 LTS,1,PZA,1030.0,1030.0,164.8,1194.8,TRUE,POR CONFIRMAR,FALSE,2024,Z2
195,2024-08-15,2024,5,4,14,,ACEITE HIDRAULICO C/19 LTS,1,PZA,2175.86,2175.86,348.1376,2523.9976,TRUE,POR CONFIRMAR,FALSE,2024,Z2
196,2024-08-21,2024,5,19,37,,"TORNILLOS SECCION, TUERCA GRIPCO, ARANDELA",7,PZA,425.9,425.9,68.144,494.044,TRUE,POR CONFIRMAR,FALSE,2024,Z2
197,2024-08-21,2024,5,4,14,,GRASA CHASIS E-LITE C/16 KG ROSHFRANS,0.2,PZA,287.76,287.76,46.0416,333.8016,TRUE,POR CONFIRMAR,FALSE,2024,Z2
198,2024-08-26,2024,5,19,28,,POTENCIOMETRO,1,PZA,1332.1,1332.1,213.136,1545.236,TRUE,POR CONFIRMAR,FALSE,2024,Z2
199,2024-08-31,2024,5,19,37,,TORNILLOS SECCIONES DISCO,60,PZA,3376.8,3376.8,540.288,3917.088,TRUE,POR CONFIRMAR,FALSE,2024,Z2
200,2024-09-03,2024,5,13,20,,ANTICIPO REPARACION DISCO ZANJADORA,1,SERV,26500.0,26500.0,4240.0,30408.75,TRUE,POR CONFIRMAR,FALSE,2024,Z2
201,2024-09-04,2024,5,19,37,,"TORNILLOS SECCION, TUERCA GRIPCO, ARANDELA",2,PZA,431.09,431.09,68.9744,500.0644,TRUE,POR CONFIRMAR,FALSE,2024,Z2
202,2024-09-07,2024,5,19,16,,MARCHA CON ACCESORIA PARA INSTALACION,1,PZA,4209.06,4209.06,673.4496,4882.5096,TRUE,POR CONFIRMAR,FALSE,2024,Z2
203,2024-09-09,2024,5,13,20,,ABONO REPARACION DISCO ZANJADORA,1,SERV,17000.0,17000.0,,17000.0,TRUE,POR CONFIRMAR,FALSE,2024,Z2
204,2024-09-11,2024,5,4,10,,ACEITE DE MOTOR SAE 50 C/19 L,1,PZA,948.28,948.28,151.7248,1100.0048,TRUE,POR CONFIRMAR,FALSE,2024,Z2
205,2024-09-18,2024,5,4,28,,PICAS 7/8,50,PZA,8750.0,8750.0,1400.0,10150.0,TRUE,POR CONFIRMAR,FALSE,2024,Z2
206,2024-09-18,2024,5,4,28,,PAQUETERIA,1,SERV,280.0,280.0,44.8,324.8,TRUE,POR CONFIRMAR,FALSE,2024,Z2
207,2024-09-26,2024,5,13,20,,SALDO REPARACION DISCO ZANJADORA,1,SERV,9500.0,9500.0,1520.0,10901.25,TRUE,POR CONFIRMAR,FALSE,2024,Z2
208,2024-09-26,2024,5,13,38,,DIAGNOSTICO FALLO DEL PEDAL,1,SERV,1500.0,1500.0,,1500.0,FALSE,POR CONFIRMAR,FALSE,2024,Z2
209,2024-09-26,2024,5,13,38,,MANO DE OBRA CAMBIO SENSOR DE PEDAL,1,SERV,2000.0,2000.0,,2000.0,FALSE,POR CONFIRMAR,FALSE,2024,Z2
210,2024-09-27,2024,5,19,28,,SENSOR PEDAL,1,PZA,9576.31,9576.31,1532.2096,11108.5196,TRUE,POR CONFIRMAR,FALSE,2024,Z2
211,2024-09-30,2024,5,4,14,,ACEITE SHELL TELLUS HIDRAULICO C/19 LTS,1,PZA,2175.86,2175.86,348.1376,2523.9976,TRUE,POR CONFIRMAR,FALSE,2024,Z2
212,2024-10-03,2024,5,19,8,,"MANGUERA FLEXIBLE PARA ESCAPE 3""",1,MT,673.9,673.9,107.824,781.724,TRUE,POR CONFIRMAR,FALSE,2024,Z2
213,2024-10-10,2024,5,11,39,,REPARACION DE LLANTA ZANJADORA,1,SERV,1100.0,1100.0,176.0,1276.0,TRUE,POR CONFIRMAR,FALSE,2024,Z2
214,2024-10-24,2024,5,4,18,,ACEITE TRANSMISION GL5 C/19 LTS,1,PZA,1810.41,1810.41,289.6656,2100.0756,TRUE,POR CONFIRMAR,FALSE,2024,Z2
215,2024-10-24,2024,5,4,18,,ACEITE HIDRAULICO C/19 LTS,2,PZA,1896.62,1896.62,303.4592,2200.0792,TRUE,POR CONFIRMAR,FALSE,2024,Z2
216,2024-10-25,2024,5,4,14,,FILTRO ACEITE P-550428 DONALDSON (LF-3970),2,PZA,445.26,445.26,71.2416,516.5016,TRUE,POR CONFIRMAR,FALSE,2024,Z2
217,2024-10-25,2024,5,4,14,,FILTRO COMB P-550881 DONALDSON,1,PZA,398.54,398.54,63.7664,462.3064,TRUE,POR CONFIRMAR,FALSE,2024,Z2
218,2024-10-25,2024,5,4,14,,FILTRO AIRE P-628327 DONALDSON (AF-26120),1,PZA,651.05,651.05,104.168,755.218,TRUE,POR CONFIRMAR,FALSE,2024,Z2
219,2024-10-25,2024,5,4,14,,FILTRO AIRE P-629469 DONALDSON (AF-26121),1,PZA,710.12,710.12,113.6192,823.7392,TRUE,POR CONFIRMAR,FALSE,2024,Z2
220,2024-10-25,2024,5,4,14,,ACEITE TRANSMISION GL5 SAE 85W140 C/19 LTS ROSHFRANS,1,PZA,1825.0,1825.0,292.0,2117.0,TRUE,POR CONFIRMAR,FALSE,2024,Z2
221,2024-10-25,2024,5,4,14,,ANTICONGELANTE FLEET CHARGE (ROSA) C/19 LTS PEAK,1,PZA,827.58,827.58,132.4128,959.9928,TRUE,POR CONFIRMAR,FALSE,2024,Z2
222,2024-10-25,2024,5,4,14,,ACEITE MOTOR CK-4 SAE 15W40 C/19 LTS MOBIL,1,PZA,2232.76,2232.76,357.2416,2590.0016,TRUE,POR CONFIRMAR,FALSE,2024,Z2
223,2024-10-25,2024,5,4,14,,ACEITE SHELL TELLUS HIDRAULICO C/19 LTS,2,PZA,4351.72,4351.72,696.2752,5047.9952,TRUE,POR CONFIRMAR,FALSE,2024,Z2
224,2024-11-01,2024,5,4,14,,FILTRO COMB P-550848 DONALDSON (FS-19732),1,PZA,519.51,519.51,83.1216,602.6316,TRUE,POR CONFIRMAR,FALSE,2024,Z2
225,2024-11-01,2024,5,4,14,,FILTRO HIDRAULICO P-164375 DONALDSON (HF-6552),2,PZA,1928.46,1928.46,308.5536,2237.0136,TRUE,POR CONFIRMAR,FALSE,2024,Z2
226,2024-11-01,2024,5,4,14,,FILTRO HIDRAULICO P-565245 DONALDSON,1,PZA,647.48,647.48,103.5968,751.0768,TRUE,POR CONFIRMAR,FALSE,2024,Z2
227,2024-11-01,2024,5,4,14,,ACEITE HIDRAULICO ISO 68 C/19 LTS MOBIL LEGEND,5,PZA,8905.2,8905.2,1424.832,10330.032,TRUE,POR CONFIRMAR,FALSE,2024,Z2
228,2024-11-01,2024,5,12,3,,MANGUERAS Y CONEXIONES,5,PZA,5100.33,5100.33,816.0528,5916.3828,TRUE,POR CONFIRMAR,FALSE,2024,Z2
229,2024-11-04,2024,5,19,40,,"CODO DE ESCAPE, BUJE ANTIVIBRADOR, ABRAZADERA",5,PZA,980.05,980.05,156.808,1136.858,TRUE,POR CONFIRMAR,FALSE,2024,Z2
230,2024-11-08,2024,5,4,13,,SELLOS GATO DEL DISCO,1,PZA,2417.8,2417.8,386.848,2804.648,TRUE,POR CONFIRMAR,FALSE,2024,Z2
231,2024-11-14,2024,5,19,41,,CAJA PORTA FUSIBLE 6 FUSIBLES,2,PZA,318.97,318.97,51.0352,370.0052,TRUE,POR CONFIRMAR,FALSE,2024,Z2
232,2024-11-14,2024,5,19,41,,PAQUETE DE FUSIBLE MEDIANO 30 AMP (5 PZAS),1,PZA,12.93,12.93,2.0688,14.9988,TRUE,POR CONFIRMAR,FALSE,2024,Z2
233,2024-11-14,2024,5,19,41,,PAQUETE DE FUSIBLE MEDIANO 25 AMP (5 PZAS),1,PZA,12.93,12.93,2.0688,14.9988,TRUE,POR CONFIRMAR,FALSE,2024,Z2
234,2024-11-14,2024,5,4,42,,PICAS DE TUGSTENO 7/8,20,PZA,3600.0,3600.0,576.0,4176.0,TRUE,POR CONFIRMAR,FALSE,2024,Z2
235,2024-11-22,2024,5,12,36,,"MANGUERAS, CONEXIONES, TUERCAS, TORNILLOS, ARANDELAS, COPLE, CODO, RONDANAS",21,PZA,2510.34,2510.34,401.6544,2911.9944,TRUE,POR CONFIRMAR,FALSE,2024,Z2
236,2024-11-29,2024,5,4,13,,SELLOS PISTON TRANSMISION,10,PZA,962.23,962.23,153.9568,1116.1868,TRUE,POR CONFIRMAR,FALSE,2024,Z2
237,2024-11-29,2024,5,19,35,,CONEXIÓN DE ESCAPE AL TURBO,1,PZA,1585.27,1585.27,253.6432,1838.9132,TRUE,POR CONFIRMAR,FALSE,2024,Z2
238,2024-12-02,2024,5,19,43,,BOTONERA DIGITAL PARA TABLERO,1,PZA,18000.0,18000.0,2880.0,20880.0,TRUE,POR CONFIRMAR,FALSE,2024,Z2
239,2024-01-18,2024,4,11,44,,LLANTA 12-16.5 L5B ARMOUR,1,PZA,4568.97,4568.97,731.0352,5300.0052,TRUE,POR CONFIRMAR,FALSE,2024,R4
240,2024-01-18,2024,4,11,44,,LLANTA 19.5L24 L5B ARMOUR,1,PZA,8189.66,8189.66,1310.3456,9500.0056,TRUE,POR CONFIRMAR,FALSE,2024,R4
241,2024-02-14,2024,4,4,14,,GRASA PARA MARTILLO,0.33,PZA,610.92,610.92,97.7472,708.6672,TRUE,POR CONFIRMAR,FALSE,2024,R4
242,2024-02-22,2024,4,12,36,,MANGUERA ALTA PRESION 5/8 GATES,1.87,MT,718.25,718.25,114.92,833.17,TRUE,POR CONFIRMAR,FALSE,2024,R4
243,2024-02-22,2024,4,12,36,,COPLE HEMBRA,2,PZA,491.12,491.12,78.5792,569.6992,TRUE,POR CONFIRMAR,FALSE,2024,R4
244,2024-02-22,2024,4,4,36,,BOQUILLA HIDRAULICA,1,PZA,68.43,68.43,10.9488,79.3788,TRUE,POR CONFIRMAR,FALSE,2024,R4
245,2024-03-13,2024,4,19,5,,EMPUÑADURA POTENCIOMETRO,1,PZA,388.24,388.24,62.1184,450.3584,TRUE,POR CONFIRMAR,FALSE,2024,R4
246,2024-04-25,2024,4,4,45,,CARGA DE NITROGENO,1,SERV,1600.0,1600.0,,1600.0,FALSE,POR CONFIRMAR,FALSE,2024,R4
247,2024-05-02,2024,4,4,8,,CUBETA DE GRASA PARA MARTILLO C/16 KG,0.5,PZA,1077.585,1077.585,172.4136,1249.9986,TRUE,POR CONFIRMAR,FALSE,2024,R4
248,2024-05-20,2024,4,12,3,,COPLE RAPIDO,2,PZA,3155.62,3155.62,504.8992,3660.5192,TRUE,POR CONFIRMAR,FALSE,2024,R4
249,2024-05-20,2024,4,19,5,,POTENCIOMETRO,1,PZA,4090.56,4090.56,654.4896,4745.0496,TRUE,POR CONFIRMAR,FALSE,2024,R4
250,2024-05-20,2024,4,19,5,,BOTON 4X4,1,PZA,1703.24,1703.24,272.5184,1975.7584,TRUE,POR CONFIRMAR,FALSE,2024,R4
251,2024-05-20,2024,4,19,46,,PETACA,2,PZA,2200.0,2200.0,352.0,2552.0,TRUE,POR CONFIRMAR,FALSE,2024,R4
252,2024-05-20,2024,4,19,46,,SEGURO DE PETACA,3,PZA,1350.0,1350.0,216.0,1566.0,TRUE,POR CONFIRMAR,FALSE,2024,R4
253,2024-05-22,2024,4,4,18,,FILTRO HIDRAULICO P-574055 BT9347MPG BT9367MP,1,PZA,1470.0,1470.0,235.2,1705.2,TRUE,POR CONFIRMAR,FALSE,2024,R4
254,2024-05-22,2024,4,4,18,,FILTRO ACEITE LF16243 B7322,1,PZA,480.0,480.0,76.8,556.8,TRUE,POR CONFIRMAR,FALSE,2024,R4
255,2024-05-22,2024,4,4,18,,FILTRO COMBUSTIBLE BF7674D,1,PZA,740.6,740.6,118.496,859.096,TRUE,POR CONFIRMAR,FALSE,2024,R4
256,2024-05-23,2024,4,4,45,,CARGA DE NITROGENO,1,SERV,1600.0,1600.0,,1600.0,FALSE,POR CONFIRMAR,FALSE,2024,R4
257,2024-05-23,2024,4,12,8,,MANGUERA REFORZADA 3/4 PARA DIESEL,1.5,MT,363.22,363.22,58.1152,421.3352,TRUE,POR CONFIRMAR,FALSE,2024,R4
258,2024-05-24,2024,4,4,14,,MANTENIMIENTO MAYOR,9,PZA,8267.24,8267.24,1322.7584,9589.9984,TRUE,POR CONFIRMAR,FALSE,2024,R4
259,2024-05-28,2024,4,11,47,,MONTAJE DE LLANTA DELANTERA Y TRASERA,2,SERV,603.45,603.45,96.552,700.002,TRUE,POR CONFIRMAR,FALSE,2024,R4
260,2024-05-28,2024,4,4,10,,ACEITE MOTOR 15W40 C/19 LTS,1,PZA,1379.31,1379.31,220.6896,1599.9996,TRUE,POR CONFIRMAR,FALSE,2024,R4
261,2024-05-31,2024,4,12,3,,COPLE RAPIDO,2,PZA,3107.08,3107.08,497.1328,3604.2128,TRUE,POR CONFIRMAR,FALSE,2024,R4
262,2024-06-08,2024,4,12,36,,MANGUERA Y CONEXIONES,3,PZA,1432.48,1432.48,229.1968,1661.6768,TRUE,POR CONFIRMAR,FALSE,2024,R4
263,2024-06-24,2024,4,19,5,,SWITCH ARRANQUE,1,PZA,2502.87,2502.87,400.4592,2903.3292,TRUE,POR CONFIRMAR,FALSE,2024,R4
264,2024-06-29,2024,4,19,10,,TERMINAL DE BATERIA 4 TORNILLOS,2,PZA,120.7,120.7,19.312,140.012,TRUE,POR CONFIRMAR,FALSE,2024,R4
265,2024-06-30,2024,4,11,47,,LLANTA 12-16.5 L5B BKT,1,PZA,6465.52,6465.52,1034.4832,7500.0032,TRUE,POR CONFIRMAR,FALSE,2024,R4
266,2024-06-30,2024,4,11,47,,REPARACION LLANTA 19.5L24,1,SERV,431.03,431.03,68.9648,499.9948,TRUE,POR CONFIRMAR,FALSE,2024,R4
267,2024-07-02,2024,4,12,36,,MANGUERAS Y CONEXIONES,5,PZA,2064.155,2064.155,330.2648,2394.4198,TRUE,POR CONFIRMAR,FALSE,2024,R4
268,2024-07-04,2024,4,19,5,,BOTON 4X4,1,PZA,1385.07,1385.07,221.6112,1606.6812,TRUE,POR CONFIRMAR,FALSE,2024,R4
269,2024-07-09,2024,4,12,36,,MANGUERA Y CONEXIONES,3,PZA,1452.74,1452.74,232.4384,1685.1784,TRUE,POR CONFIRMAR,FALSE,2024,R4
270,2024-07-23,2024,4,13,20,,COLOCACION DE BUJE A BOTE,1,SERV,300.0,300.0,48.0,344.25,TRUE,POR CONFIRMAR,FALSE,2024,R4
271,2024-07-23,2024,4,13,20,,REPARACION DE BOTE FRONTAL,1,SERV,6800.0,6800.0,1088.0,7803.0,TRUE,POR CONFIRMAR,FALSE,2024,R4
272,2024-08-07,2024,4,4,18,,OLIVOS DE INYECTOR NAVISTAR,2,PZA,240.0,240.0,38.4,278.4,TRUE,POR CONFIRMAR,FALSE,2024,R4
273,2024-08-07,2024,4,4,18,,ACEITE MOTOR 15W40 C/19 LTS,0.5,PZA,800.0,800.0,128.0,928.0,TRUE,POR CONFIRMAR,FALSE,2024,R4
274,2024-08-16,2024,4,4,45,,CARGA DE NITROGENO,1,SERV,1400.0,1400.0,,1400.0,FALSE,POR CONFIRMAR,FALSE,2024,R4
275,2024-08-16,2024,4,13,48,,ESCANEO FALLO ELECTRICO,1,SERV,1800.0,1800.0,,1800.0,FALSE,POR CONFIRMAR,FALSE,2024,R4
276,2024-08-17,2024,4,4,14,,GRASA PEAK MOLLY C/16 KG (MARTILLOS),0.5,PZA,916.38,916.38,146.6208,1063.0008,TRUE,POR CONFIRMAR,FALSE,2024,R4
277,2024-08-21,2024,4,4,14,,GRASA CHASIS E-LITE C/16 KG ROSHFRANS,0.2,PZA,287.76,287.76,46.0416,333.8016,TRUE,POR CONFIRMAR,FALSE,2024,R4
278,2024-09-05,2024,4,12,36,,COPLE MACHO SELLO FRONTAL,1,PZA,819.34,819.34,131.0944,950.4344,TRUE,POR CONFIRMAR,FALSE,2024,R4
279,2024-09-05,2024,4,12,36,,CONEXIÓN B2 CODO 90° HEMBRA,1,PZA,600.91,600.91,96.1456,697.0556,TRUE,POR CONFIRMAR,FALSE,2024,R4
280,2024-09-05,2024,4,12,36,,COPLE PERMANENTE HEMBRA SELLO FRONTAL,1,PZA,750.19,750.19,120.0304,870.2204,TRUE,POR CONFIRMAR,FALSE,2024,R4
281,2024-09-05,2024,4,12,36,,COPLE PERMANENTE HEMBRA ABOCINADO,1,PZA,510.58,510.58,81.6928,592.2728,TRUE,POR CONFIRMAR,FALSE,2024,R4
282,2024-09-05,2024,4,12,36,,MANGUERA ALTA PRESION 5/8 GATES,3.2,MT,1384.31,1384.31,221.4896,964.83,TRUE,POR CONFIRMAR,FALSE,2024,R4
283,2024-09-05,2024,4,12,36,,ABRAZADERA INOXIDABLE (5/8 A 1-1/8),4,PZA,62.04,62.04,9.9264,71.9664,TRUE,POR CONFIRMAR,FALSE,2024,R4
284,2024-09-05,2024,4,12,36,,ABRAZADERA INOXIDABLE (3/4 1-1/2),2,PZA,26.0,26.0,4.16,30.16,TRUE,POR CONFIRMAR,FALSE,2024,R4
285,2024-09-11,2024,4,4,11,,FILTRO COMBUSTIBLE BF7674D,1,PZA,560.35,560.35,89.656,650.006,TRUE,POR CONFIRMAR,FALSE,2024,R4
286,2024-09-18,2024,4,12,5,,MANGUERAS DE RADIADOR,3,PZA,3279.21,3279.21,524.6736,3803.8836,TRUE,POR CONFIRMAR,FALSE,2024,R4
287,2024-09-30,2024,4,12,3,,MANGUERAS PARKER PARA BRAZO Y MARTILLO CON ESPIRAL,6,PZA,8244.3,8244.3,1319.088,9563.388,TRUE,POR CONFIRMAR,FALSE,2024,R4
288,2024-09-30,2024,4,4,14,,ACEITE DIESEL 15W40 C/19 LTS QUAKER STATE,1,PZA,1370.69,1370.69,219.3104,1590.0004,TRUE,POR CONFIRMAR,FALSE,2024,R4
289,2024-09-30,2024,4,4,14,,ANTICONGELANTE CONCENTRADO C/19 LTS ROSHFRANS,1,PZA,1185.35,1185.35,189.656,1375.006,TRUE,POR CONFIRMAR,FALSE,2024,R4
290,2024-10-25,2024,4,4,14,,ACEITE DIESEL 15W40 C/19 LTS QUAKER STATE,1,PZA,1370.69,1370.69,219.3104,1590.0004,TRUE,POR CONFIRMAR,FALSE,2024,R4
291,2024-10-31,2024,4,4,5,,SELLOS GATO BOTE FRONTAL LADO TAPA Y PISTON,2,PZA,3962.48,3962.48,633.9968,4596.4768,TRUE,POR CONFIRMAR,FALSE,2024,R4
292,2024-10-31,2024,4,4,5,,SELLOS GATO ESTABILIZADOR LADO TAPA Y PISTON,2,PZA,3066.48,3066.48,490.6368,3557.1168,TRUE,POR CONFIRMAR,FALSE,2024,R4
293,2024-10-31,2024,4,4,5,,SELLOS GATO DE ARRASTRE LADO TAPA,1,PZA,2595.24,2595.24,415.2384,3010.4784,TRUE,POR CONFIRMAR,FALSE,2024,R4
294,2024-10-31,2024,4,4,5,,SELLOS GATO DE ARRASTRE LADO PISTON,1,PZA,2330.24,2330.24,372.8384,2703.0784,TRUE,POR CONFIRMAR,FALSE,2024,R4
295,2024-10-31,2024,4,19,5,,BOMBA AUXILIAR,1,PZA,11214.47,11214.47,1794.3152,13008.7852,TRUE,POR CONFIRMAR,FALSE,2024,R4
296,2024-11-06,2024,4,4,49,,CARGA DE NITROGENO,1,SERV,1400.0,1400.0,224.0,1624.0,TRUE,POR CONFIRMAR,FALSE,2024,R4
297,2024-02-07,2024,22,4,14,,MANTENIMIENTO MAYOR,1,PZA,11699.14,11699.14,1871.8624,13571.0024,TRUE,POR CONFIRMAR,FALSE,2024,R2
298,2024-02-08,2024,22,4,50,,JUNTA LATERAL DE SEGUIDORES,1,PZA,425.0,425.0,68.0,493.0,TRUE,POR CONFIRMAR,FALSE,2024,R2
299,2024-02-08,2024,22,4,50,,GOMA DE TORNILLO,4,PZA,380.0,380.0,60.8,440.8,TRUE,POR CONFIRMAR,FALSE,2024,R2
300,2024-02-08,2024,22,4,50,,LIGA TAPA DE PUNTERIAS,4,PZA,480.0,480.0,76.8,556.8,TRUE,POR CONFIRMAR,FALSE,2024,R2
301,2024-02-14,2024,22,19,26,,TAPA USADA DE DISTRIBUCION,1,PZA,4500.0,4500.0,,4500.0,FALSE,POR CONFIRMAR,FALSE,2024,R2
302,2024-02-14,2024,22,19,26,,BOMBA DE ACEIET NUEVA,1,PZA,2500.0,2500.0,,2500.0,FALSE,POR CONFIRMAR,FALSE,2024,R2
303,2024-02-14,2024,22,19,51,,JUNTA DE TAPAS DE PUNTERIAS Y LATERAL,1,PZA,1200.0,1200.0,,1200.0,FALSE,POR CONFIRMAR,FALSE,2024,R2
304,2024-02-14,2024,22,19,51,,COPLE DE BOMBA HIDRAULICA,1,PZA,1900.0,1900.0,,1900.0,FALSE,POR CONFIRMAR,FALSE,2024,R2
305,2024-02-14,2024,22,19,51,,EMPAQUES DE CARTER Y RETEN CIGÜEÑAL,1,PZA,2200.0,2200.0,,2200.0,FALSE,POR CONFIRMAR,FALSE,2024,R2
306,2024-02-14,2024,22,19,51,,SOPORTE DELANTEROS,1,PZA,1200.0,1200.0,,1200.0,FALSE,POR CONFIRMAR,FALSE,2024,R2
307,2024-02-14,2024,22,19,51,,SOPORTES TRASEROS,1,PZA,1600.0,1600.0,,1600.0,FALSE,POR CONFIRMAR,FALSE,2024,R2
308,2024-02-14,2024,22,13,26,,MANO DE OBRA,1,SERV,9500.0,9500.0,,9500.0,FALSE,POR CONFIRMAR,FALSE,2024,R2
309,2024-02-14,2024,22,4,14,,GRASA PARA MARTILLO,0.33,PZA,610.92,610.92,97.7472,708.6672,TRUE,POR CONFIRMAR,FALSE,2024,R2
310,2024-02-14,2024,22,12,3,,MANGUERA PARKER 3/4 3000 PSI,2.45,MT,1082.48,1082.48,173.1968,1255.6768,TRUE,POR CONFIRMAR,FALSE,2024,R2
311,2024-02-14,2024,22,12,3,,CONEXIÓN CRIMPABLE MACHO,1,PZA,223.14,223.14,35.7024,258.8424,TRUE,POR CONFIRMAR,FALSE,2024,R2
312,2024-02-14,2024,22,12,3,,CONEXIÓN CRIMPABLE HEMBRA,1,PZA,794.63,794.63,127.1408,921.7708,TRUE,POR CONFIRMAR,FALSE,2024,R2
313,2024-02-15,2024,22,19,52,,"RECTIFICAR 2 BUJES MARTILLO, FABRICAR 1 PASADOR PARA MARTILLO, HACER 1 BUJE PARA MANO DE CHANGO",4,PZA,2750.0,2750.0,,2750.0,TRUE,POR CONFIRMAR,FALSE,2024,R2
314,2024-02-16,2024,22,19,14,,ACUMULADOR LTH L31P-900AR,1,PZA,2455.17,2455.17,392.8272,2847.9972,TRUE,POR CONFIRMAR,FALSE,2024,R2
315,2024-02-16,2024,22,4,14,,GRASA PARA CHASIS C/16 KG,1,PZA,1438.79,1438.79,230.2064,1668.9964,TRUE,POR CONFIRMAR,FALSE,2024,R2
316,2024-03-04,2024,22,12,3,,CONEXIÓN HEMBRA 3/4,1,PZA,807.45,807.45,129.192,936.642,TRUE,POR CONFIRMAR,FALSE,2024,R2
317,2024-03-19,2024,22,4,14,,ACEITE HIDRAULICO ISO 68 C/19 L,1,PZA,1781.04,1781.04,284.9664,2066.0064,TRUE,POR CONFIRMAR,FALSE,2024,R2
318,2024-03-27,2024,22,11,19,,SERVICIO A LLANTA 19.5L24,1,SERV,646.55,646.55,103.448,749.998,TRUE,POR CONFIRMAR,FALSE,2024,R2
319,2024-04-02,2024,22,13,4,,CORREGIR CORTO CIRCUITO Y MANTENIMIENTO A MARCHA,2,SERV,3000.0,3000.0,,3000.0,FALSE,POR CONFIRMAR,FALSE,2024,R2
320,2024-04-08,2024,22,12,3,,MANGUERA PARKER 3/4 3000 PSI,1.94,MT,870.54,870.54,139.2864,1009.8264,TRUE,POR CONFIRMAR,FALSE,2024,R2
321,2024-04-08,2024,22,12,3,,CONEXIÓN CRIMPABLE HEMBRA,1,PZA,807.45,807.45,129.192,936.642,TRUE,POR CONFIRMAR,FALSE,2024,R2
322,2024-04-08,2024,22,12,3,,CONEXIÓN CRIMPABLE MACHO,1,PZA,226.63,226.63,36.2608,262.8908,TRUE,POR CONFIRMAR,FALSE,2024,R2
323,2024-04-08,2024,22,12,3,,MANGUERA INDUSTRIAL CONTINENTAL,1.74,MT,413.59,413.59,66.1744,479.7644,TRUE,POR CONFIRMAR,FALSE,2024,R2
324,2024-04-17,2024,22,4,13,,KIT SELLOS GATO BOTE FRONTAL,1,PZA,1483.54,1483.54,237.3664,1720.9064,TRUE,POR CONFIRMAR,FALSE,2024,R2
325,2024-04-24,2024,22,4,29,,ACEITE HIDRAULICO ISO 68 C/19 L,2,PZA,1431.68,1431.68,229.0688,1660.7488,TRUE,POR CONFIRMAR,FALSE,2024,R2
326,2024-04-24,2024,22,12,3,,MANGUERA PARKER 3/4 3000 PSI,1.57,MT,437.41,437.41,69.9856,507.3956,TRUE,POR CONFIRMAR,FALSE,2024,R2
327,2024-04-24,2024,22,12,3,,CONEXIÓN CRIMPABLE CODO,1,PZA,665.25,665.25,106.44,771.69,TRUE,POR CONFIRMAR,FALSE,2024,R2
328,2024-04-24,2024,22,12,3,,CONEXIÓN CRIMPABLE HEMBRA,1,PZA,244.17,244.17,39.0672,283.2372,TRUE,POR CONFIRMAR,FALSE,2024,R2
329,2024-04-25,2024,22,12,3,,MANGUERA PARKER 5/16 350 PSI,1.71,MT,188.61,188.61,30.1776,218.7876,TRUE,POR CONFIRMAR,FALSE,2024,R2
330,2024-04-25,2024,22,12,3,,CONEXIÓN CRIMPABLE HEMBRA,1,PZA,212.44,212.44,33.9904,246.4304,TRUE,POR CONFIRMAR,FALSE,2024,R2
331,2024-04-27,2024,22,12,14,,CONEXIÓN HEMBRA 3/4,2,PZA,465.54,465.54,74.4864,540.0264,TRUE,POR CONFIRMAR,FALSE,2024,R2
332,2024-04-27,2024,22,12,14,,MANGUERA 3/4,2,MT,753.42,753.42,120.5472,873.9672,TRUE,POR CONFIRMAR,FALSE,2024,R2
333,2024-04-30,2024,22,11,19,,REPARACION LLANTA 19.5L24,1,SERV,1767.25,1767.25,282.76,2050.01,TRUE,POR CONFIRMAR,FALSE,2024,R2
334,2024-05-01,2024,22,13,15,,CAMBIO DE COPLE BOMBA HIDRAULICA,1,SERV,2500.0,2500.0,,2500.0,FALSE,POR CONFIRMAR,FALSE,2024,R2
335,2024-05-02,2024,22,19,32,,TORNILLOS,7,PZA,20.71,20.71,3.3136,24.0236,TRUE,POR CONFIRMAR,FALSE,2024,R2
336,2024-05-02,2024,22,4,14,,ANTICONGELANTE CONCENTRADO C/19 LTS,1,PZA,1185.35,1185.35,189.656,1375.006,TRUE,POR CONFIRMAR,FALSE,2024,R2
337,2024-05-02,2024,22,4,14,,ACEITE DIESEL 15W40 G/5 LTS,1,PZA,568.96,568.96,91.0336,659.9936,TRUE,POR CONFIRMAR,FALSE,2024,R2
338,2024-05-06,2024,22,12,3,,CONEXIÓN CRIMPABLE HEMBRA,2,PZA,312.39,312.39,49.9824,362.3724,TRUE,POR CONFIRMAR,FALSE,2024,R2
339,2024-05-06,2024,22,12,3,,MANGUERA INDUSTRIAL CONTINENTAL 1 1/4,1.92,MT,442.34,442.34,70.7744,513.1144,TRUE,POR CONFIRMAR,FALSE,2024,R2
340,2024-05-06,2024,22,12,3,,MANGUERA COVALCA 3/4,2.12,MT,387.85,387.85,62.056,449.906,TRUE,POR CONFIRMAR,FALSE,2024,R2
341,2024-05-08,2024,22,4,14,,FILTRO COMB FS-1240,1,PZA,205.17,205.17,32.8272,237.9972,TRUE,POR CONFIRMAR,FALSE,2024,R2
342,2024-05-08,2024,22,4,14,,FILTRO COMB P-550248,1,PZA,171.55,171.55,27.448,198.998,TRUE,POR CONFIRMAR,FALSE,2024,R2
343,2024-05-09,2024,22,19,16,,PORTA FUSIBLES,1,PZA,92.96,92.96,14.8736,107.8336,TRUE,POR CONFIRMAR,FALSE,2024,R2
344,2024-05-10,2024,22,11,19,,LLANTA 19.5L24 ROADGUIDER,1,PZA,8086.21,8086.21,1293.7936,9380.0036,TRUE,POR CONFIRMAR,FALSE,2024,R2
345,2024-05-10,2024,22,19,14,,"PRE FILTRO DE AIRE H-001249 DONALDSON ENTRADA 3""",1,PZA,963.79,963.79,154.2064,1117.9964,TRUE,POR CONFIRMAR,FALSE,2024,R2
346,2024-05-14,2024,22,4,53,,CARGA DE NITROGENO,1,SERV,1800.0,1800.0,,1800.0,FALSE,POR CONFIRMAR,FALSE,2024,R2
347,2024-05-15,2024,22,19,16,,ALTERNADOR,1,PZA,3091.51,3091.51,494.6416,3586.1516,TRUE,POR CONFIRMAR,FALSE,2024,R2
348,2024-05-20,2024,22,11,19,,REPARACION LLANTA 19.5L24,1,SERV,560.34,560.34,89.6544,649.9944,TRUE,POR CONFIRMAR,FALSE,2024,R2
349,2024-05-27,2024,22,19,32,,TORNILLOS,8,PZA,67.85,67.85,10.856,78.706,TRUE,POR CONFIRMAR,FALSE,2024,R2
350,2024-05-31,2024,22,4,54,,KIT DE SELLOS GATOS ESTABILIZADORES Y BOTE FRONTAL,3,PZA,5398.49,5398.49,863.7584,6262.2484,TRUE,POR CONFIRMAR,FALSE,2024,R2
351,2024-06-17,2024,22,4,2,,ACEITE HIDRAULICO ISO 68 C/19 L,2,PZA,2047.42,2047.42,327.5872,2375.0072,TRUE,POR CONFIRMAR,FALSE,2024,R2
352,2024-06-20,2024,22,19,8,,BANDA DE MOTOR MICRO V K080575,1,PZA,880.0,880.0,140.8,1020.8,TRUE,POR CONFIRMAR,FALSE,2024,R2
353,2024-06-25,2024,22,13,26,,REPARACION FUGA DE HIDRAULICO GATO CUCHARON DELANTERO,1,SERV,2500.0,2500.0,400.0,2900.0,TRUE,POR CONFIRMAR,FALSE,2024,R2
354,2024-07-10,2024,22,19,55,,JUNTA DE PUNTERIAS,1,PZA,566.1,566.1,90.576,656.676,TRUE,POR CONFIRMAR,FALSE,2024,R2
355,2024-07-10,2024,22,19,55,,JUNTA LATERAL,1,PZA,859.26,859.26,137.4816,996.7416,TRUE,POR CONFIRMAR,FALSE,2024,R2
356,2024-07-11,2024,22,19,56,,AISLADOR,4,PZA,211.28,211.28,33.8048,245.0848,TRUE,POR CONFIRMAR,FALSE,2024,R2
357,2024-07-19,2024,22,19,57,,SEGURO DEL CABALLITO,1,PZA,7000.0,7000.0,,7000.0,FALSE,POR CONFIRMAR,FALSE,2024,R2
358,2024-07-31,2024,22,13,46,,CAMBIO DE SELLOS GATO ETABILIZADOR Y CILINDRO DE BRAZO,1,SERV,2600.0,2600.0,416.0,3016.0,TRUE,POR CONFIRMAR,FALSE,2024,R2
359,2024-07-31,2024,22,13,46,,REPARACION SISTEMA ELECTRICO,1,SERV,10500.0,10500.0,1680.0,12180.0,TRUE,POR CONFIRMAR,FALSE,2024,R2
360,2024-07-31,2024,22,13,46,,REPARACION DE BANCO DELANTERO,1,SERV,8500.0,8500.0,1360.0,9860.0,TRUE,POR CONFIRMAR,FALSE,2024,R2
361,2024-07-31,2024,22,13,46,,"CAMBIO DE EMPAQUES DE MOTOR, TAPA DE PUNTERIAS Y TAPA LATERAL",1,SERV,1500.0,1500.0,240.0,1740.0,TRUE,POR CONFIRMAR,FALSE,2024,R2
362,2024-08-07,2024,22,12,3,,MANGUERA Y CONEXIONES,3,PZA,1750.67,1750.67,280.1072,2030.7772,TRUE,POR CONFIRMAR,FALSE,2024,R2
363,2024-08-12,2024,22,12,3,,MANGUERA Y ABRAZADERA,5,PZA,240.99,240.99,38.5584,279.5484,TRUE,POR CONFIRMAR,FALSE,2024,R2
364,2024-08-15,2024,22,4,14,,ACEITE HIDRAULICO ISO 68 C/19 L,1,PZA,1208.19,1208.19,193.3104,1401.5004,TRUE,POR CONFIRMAR,FALSE,2024,R2
365,2024-08-21,2024,22,4,14,,GRASA PEAK MOLLY C/16 KG (MARTILLOS),1,PZA,1832.75,1832.75,293.24,2125.99,TRUE,POR CONFIRMAR,FALSE,2024,R2
366,2024-08-26,2024,22,13,58,,APLICACIÓN DE SOLDADURA A TUBO DE DIESEL,1,SERV,200.0,200.0,,200.0,FALSE,POR CONFIRMAR,FALSE,2024,R2
367,2024-09-06,2024,22,19,12,,JUEGO DE SELLOS PARA GATO ESTABILIZADOR,2,PZA,5482.76,5482.76,877.2416,6360.0016,TRUE,POR CONFIRMAR,FALSE,2024,R2
368,2024-09-09,2024,22,19,12,,JUEGO DE SELLOS PARA GATO ESTABILIZADOR,1,PZA,1590.52,1590.52,254.4832,1845.0032,TRUE,POR CONFIRMAR,FALSE,2024,R2
369,2024-09-10,2024,22,19,12,,JUEGO DE SELLOS PARA GATO ESTABILIZADOR,2,PZA,5482.76,5482.76,877.2416,6360.0016,TRUE,POR CONFIRMAR,FALSE,2024,R2
370,2024-09-20,2024,22,19,13,,JUEGO DE SELLOS PARA GATO ESTABILIZADOR,1,PZA,648.09,648.09,103.6944,751.7844,TRUE,POR CONFIRMAR,FALSE,2024,R2
371,2024-10-05,2024,22,19,56,,"PASTAS, BALEROS Y EMAPQUES DIFERENCIAL",42,PZA,13896.66,13896.66,2223.4656,16120.1256,TRUE,POR CONFIRMAR,FALSE,2024,R2
372,2024-10-09,2024,22,19,56,,RETEN DIFERENCIAL,2,PZA,329.22,329.22,52.6752,381.8952,TRUE,POR CONFIRMAR,FALSE,2024,R2
373,2024-10-11,2024,22,19,12,,LIGAS DE PISTON Y LIGAS DE PIERNA DEL DIFERENCIAL,16,PZA,9843.2,9843.2,1574.912,11418.112,TRUE,POR CONFIRMAR,FALSE,2024,R2
374,2024-10-17,2024,22,4,2,,ACEITE DIESEL SAE 50 C/19 LTS QUAKER STATE,2,PZA,2539.66,2539.66,406.3456,2946.0056,TRUE,POR CONFIRMAR,FALSE,2024,R2
375,2024-10-25,2024,22,4,14,,ACEITE HIDRAULICO ISO 68 C/19 LTS QUAKER STATE,1,PZA,1051.73,1051.73,168.2768,1220.0068,TRUE,POR CONFIRMAR,FALSE,2024,R2
376,2024-10-25,2024,22,4,14,,FILTRO ACEITE P-558616 DONALDSON (LF-3345),1,PZA,171.85,171.85,27.496,199.346,TRUE,POR CONFIRMAR,FALSE,2024,R2
377,2024-10-25,2024,22,4,14,,FILTRO COMB P-550248 DONALDSON (FS-1251),1,PZA,171.77,171.77,27.4832,199.2532,TRUE,POR CONFIRMAR,FALSE,2024,R2
378,2024-10-25,2024,22,4,14,,FILTRO COMB FS-1240 FLEETGUARD,1,PZA,205.17,205.17,32.8272,237.9972,TRUE,POR CONFIRMAR,FALSE,2024,R2
379,2024-10-25,2024,22,4,14,,FILTRO AIRE P-536940 DONALDSON (AF-25524),1,PZA,576.88,576.88,92.3008,669.1808,TRUE,POR CONFIRMAR,FALSE,2024,R2
380,2024-10-25,2024,22,4,14,,FILTRO AIRE P-536941 DONALDSON (AF-25521),1,PZA,797.52,797.52,127.6032,925.1232,TRUE,POR CONFIRMAR,FALSE,2024,R2
381,2024-10-25,2024,22,4,14,,ACEITE DIESEL CF SAE 15W40 C/19 LTS QUAKER STATE,1,PZA,1370.69,1370.69,219.3104,1590.0004,TRUE,POR CONFIRMAR,FALSE,2024,R2
382,2024-10-25,2024,22,4,14,,ANTICONGELANTE USO DIRECTO 33% VERDE C/19 LTS QUAKER STATE,1,PZA,781.9,781.9,125.104,907.004,TRUE,POR CONFIRMAR,FALSE,2024,R2
383,2024-10-25,2024,22,13,15,,REPARACION DEL DIFERENCIAL,1,SERV,12500.0,12500.0,,12500.0,FALSE,POR CONFIRMAR,FALSE,2024,R2
384,2024-10-25,2024,22,19,15,,PLASTICOS CABINA,2,PZA,3500.0,3500.0,,3500.0,FALSE,POR CONFIRMAR,FALSE,2024,R2
385,2024-10-25,2024,22,13,15,,INSTALACION DE PLASTICOS,1,SERV,2000.0,2000.0,,2000.0,FALSE,POR CONFIRMAR,FALSE,2024,R2
386,2024-10-28,2024,22,12,3,,MANGUERA Y CONEXIONES,1,PZA,2434.46,2434.46,389.5136,2823.9736,TRUE,POR CONFIRMAR,FALSE,2024,R2
387,2024-10-30,2024,22,19,9,,FUSIBLES 30A,1,PZA,76.72,76.72,12.2752,88.9952,TRUE,POR CONFIRMAR,FALSE,2024,R2
388,2024-11-01,2024,22,4,14,,ACEITE HIDRAULICO ISO 68 C/19 LTS QUAKER STATE,1,PZA,1051.73,1051.73,168.2768,1220.0068,TRUE,POR CONFIRMAR,FALSE,2024,R2
389,2024-11-01,2024,22,19,14,,ABRAZADERA HP8 GATES,1,PZA,82.2,82.2,13.152,95.352,TRUE,POR CONFIRMAR,FALSE,2024,R2
390,2024-11-01,2024,22,12,3,,MANGUERA Y CONEXIONES,1,PZA,1076.21,1076.21,172.1936,1248.4036,TRUE,POR CONFIRMAR,FALSE,2024,R2
391,2024-11-04,2024,22,19,58,,FABRICACION DE 2 BUJES GRANDES PARA MARTILLO,2,PZA,2500.0,2500.0,,2500.0,FALSE,POR CONFIRMAR,FALSE,2024,R2
392,2024-11-04,2024,22,19,58,,FABRICACION DE 1 BUJE CHICO PARA MARTILLO,1,PZA,500.0,500.0,,500.0,FALSE,POR CONFIRMAR,FALSE,2024,R2
393,2024-11-04,2024,22,19,58,,FABRICACION DE BUJE SEPARADOR PALETAS,1,PZA,500.0,500.0,,500.0,FALSE,POR CONFIRMAR,FALSE,2024,R2
394,2024-11-04,2024,22,13,58,,AJUSTE Y FABRICACION DE BUJES MANO DE CHANGO GRANDE,1,SERV,600.0,600.0,,600.0,FALSE,POR CONFIRMAR,FALSE,2024,R2
395,2024-11-04,2024,22,13,58,,REPARACION DE FISURA MANO DE CHANGO GRANDE,1,SERV,600.0,600.0,,600.0,FALSE,POR CONFIRMAR,FALSE,2024,R2
396,2024-11-05,2024,22,19,16,,"ALTERNADOR BOSCH 12V 95A CATERPILLAR, JOHN DEERE 12145",1,PZA,2887.65,2887.65,462.024,3349.674,TRUE,POR CONFIRMAR,FALSE,2024,R2
397,2024-11-05,2024,22,19,16,,FOCO INCANDESCENTE 12V,10,PZA,17.46,17.46,2.7936,20.2536,TRUE,POR CONFIRMAR,FALSE,2024,R2
398,2024-11-05,2024,22,4,16,,LUBRICANTE AFLOJATODO,1,PZA,85.0,85.0,13.6,98.6,TRUE,POR CONFIRMAR,FALSE,2024,R2
399,2024-11-07,2024,22,12,3,,MANGUERA Y CONEXIONES,1,PZA,467.11,467.11,74.7376,541.8476,TRUE,POR CONFIRMAR,FALSE,2024,R2
400,2024-11-14,2024,22,4,14,,ACEITE HIDRAULICO ISO 68 C/19 LTS QUAKER STATE,5,PZA,5258.65,5258.65,841.384,6100.034,TRUE,POR CONFIRMAR,FALSE,2024,R2
401,2024-11-20,2024,22,12,3,,MANGUERA Y CONEXIONES,1,PZA,1730.72,1730.72,276.9152,2007.6352,TRUE,POR CONFIRMAR,FALSE,2024,R2
402,2024-01-18,2024,3,11,44,,LLANTA 11L16 L5B ARMOUR,2,PZA,6120.69,6120.69,979.3104,7100.0004,TRUE,POR CONFIRMAR,FALSE,2024,R1
403,2024-02-06,2024,3,12,59,,MANGUERA PRESION ALTA 3/4 MEGASIS,1.6,MT,797.09,797.09,127.5344,924.6244,TRUE,POR CONFIRMAR,FALSE,2024,R1
404,2024-02-06,2024,3,12,59,,CONEXIÓN HEMBRA,1,PZA,673.74,673.74,107.7984,781.5384,TRUE,POR CONFIRMAR,FALSE,2024,R1
405,2024-02-06,2024,3,12,59,,CONEXIÓN MACHO,1,PZA,333.03,333.03,53.2848,386.3148,TRUE,POR CONFIRMAR,FALSE,2024,R1
406,2024-02-06,2024,3,4,59,,ACEITE HIDRAULICO ISO 68 C/19L,1,PZA,944.44,944.44,151.1104,1095.5504,TRUE,POR CONFIRMAR,FALSE,2024,R1
407,2024-02-14,2024,3,4,14,,GRASA BATRAK BALTA EP2 C/16 KG MARTILLOS,0.33,PZA,610.92,610.92,97.7472,708.6672,TRUE,POR CONFIRMAR,FALSE,2024,R1
408,2024-02-16,2024,3,12,59,,MANGUERA PRESION ALTA 3/4 MEGASIS,2,MT,996.36,996.36,159.4176,1155.7776,TRUE,POR CONFIRMAR,FALSE,2024,R1
409,2024-02-16,2024,3,12,59,,CONEXIÓN HEMBRA,2,PZA,773.6,773.6,123.776,897.376,TRUE,POR CONFIRMAR,FALSE,2024,R1
410,2024-02-16,2024,3,4,59,,ACEITE HIDRAULICO ISO 68 C/19L,1,PZA,944.44,944.44,151.1104,1095.5504,TRUE,POR CONFIRMAR,FALSE,2024,R1
411,2024-02-23,2024,3,11,,,MONTAJE DE LLANTAS DELANTERAS 11L16,2,SERV,1000.0,1000.0,,1000.0,FALSE,POR CONFIRMAR,FALSE,2024,R1
412,2024-05-02,2024,3,4,8,,CUBETA GRASA PARA MARTILLO C/16 KG,0.5,PZA,1077.585,1077.585,172.4136,1249.9986,TRUE,POR CONFIRMAR,FALSE,2024,R1
413,2024-05-10,2024,3,11,19,,LLANTA 11L16 ROADGUIDER,2,PZA,4655.17,4655.17,744.8272,5399.9972,TRUE,POR CONFIRMAR,FALSE,2024,R1
414,2024-05-18,2024,3,4,14,,MANTENIMIENTO MAYOR 1/2,1,PZA,5158.61,5158.61,825.3776,5983.9876,TRUE,POR CONFIRMAR,FALSE,2024,R1
415,2024-05-22,2024,3,4,18,,FILTRO HIDRAULICO P551757,1,PZA,870.0,870.0,139.2,1009.2,TRUE,POR CONFIRMAR,FALSE,2024,R1
416,2024-05-22,2024,3,4,18,,FILTRO COMBUSTIBLE 522878,1,PZA,750.0,750.0,120.0,870.0,TRUE,POR CONFIRMAR,FALSE,2024,R1
417,2024-05-22,2024,3,4,18,,ACEITE HIDRAULICO ISO 68 C/19L,1,PZA,862.07,862.07,137.9312,1000.0012,TRUE,POR CONFIRMAR,FALSE,2024,R1
418,2024-05-22,2024,3,19,60,,BOMBA CHAQUETERA,1,PZA,2079.08,2079.08,332.6528,2411.7328,TRUE,POR CONFIRMAR,FALSE,2024,R1
419,2024-05-23,2024,3,12,8,,MANGUERA REFORZADA 3/4 PARA DIESEL,1.5,MT,363.22,363.22,58.1152,421.3352,TRUE,POR CONFIRMAR,FALSE,2024,R1
420,2024-05-24,2024,3,4,14,,MANTENIMIENTO MAYOR 2/2,2,PZA,1961.21,1961.21,313.7936,2275.0036,TRUE,POR CONFIRMAR,FALSE,2024,R1
421,2024-05-24,2024,3,12,3,,COPLE RAPIDO,4,PZA,6311.24,6311.24,1009.7984,7321.0384,TRUE,POR CONFIRMAR,FALSE,2024,R1
422,2024-05-29,2024,3,19,16,,MARCHA Y ACCESORIOS,1,PZA,3234.94,3234.94,517.5904,3752.5304,TRUE,POR CONFIRMAR,FALSE,2024,R1
423,2024-05-30,2024,3,4,36,,ACEITE HIDRAULICO ISO 68 C/19L,1,PZA,905.17,905.17,144.8272,1049.9972,TRUE,POR CONFIRMAR,FALSE,2024,R1
424,2024-05-30,2024,3,12,36,,MANGUERAS Y CONEXIONES,11,PZA,5566.28,5566.28,890.6048,6456.8848,TRUE,POR CONFIRMAR,FALSE,2024,R1
425,2024-05-31,2024,3,19,2,,SWITCH ARRANQUE Y PALANCA DIRECCIONAL,2,PZA,850.22,850.22,136.0352,986.2552,TRUE,POR CONFIRMAR,FALSE,2024,R1
426,2024-06-06,2024,3,13,4,,CAMBIO DE SWITCH ARRANQUE,1,SERV,1000.0,1000.0,,1000.0,FALSE,POR CONFIRMAR,FALSE,2024,R1
427,2024-06-06,2024,3,13,4,,CAMBIO DE PALANCA REVERSA,1,SERV,1000.0,1000.0,,1000.0,FALSE,POR CONFIRMAR,FALSE,2024,R1
428,2024-06-06,2024,3,13,4,,CAMBIO DE POLEA TENSORA,1,SERV,1000.0,1000.0,,1000.0,FALSE,POR CONFIRMAR,FALSE,2024,R1
429,2024-06-17,2024,3,13,20,,REPARACION DE BOTE FRONTAL FISURA,1,SERV,3462.29,3462.29,553.9664,4016.2564,TRUE,POR CONFIRMAR,FALSE,2024,R1
430,2024-06-18,2024,3,19,56,,TORNILLOS CUCHILLA BOTE FRONTAL,10,PZA,177.2,177.2,28.352,205.552,TRUE,POR CONFIRMAR,FALSE,2024,R1
431,2024-06-18,2024,3,19,56,,TUERCAS CUCHILLA BOTE FRONTAL,10,PZA,96.1,96.1,15.376,111.476,TRUE,POR CONFIRMAR,FALSE,2024,R1
432,2024-06-18,2024,3,19,56,,POLEA TENSORA,1,PZA,1178.88,1178.88,188.6208,1367.5008,TRUE,POR CONFIRMAR,FALSE,2024,R1
433,2024-06-18,2024,3,19,56,,SWITCH ARRANQUE,1,PZA,169.65,169.65,27.144,196.794,TRUE,POR CONFIRMAR,FALSE,2024,R1
434,2024-06-20,2024,3,19,56,,CUCHILLA PARA BOTE FRONTAL,1,PZA,3703.84,3703.84,592.6144,4296.4544,TRUE,POR CONFIRMAR,FALSE,2024,R1
435,2024-06-29,2024,3,19,10,,TERMINAL DE BATERIA 4 TORNILLOS,2,PZA,120.7,120.7,19.312,140.012,TRUE,POR CONFIRMAR,FALSE,2024,R1
436,2024-07-23,2024,3,13,20,,REPARACION DE MAROMA,1,SERV,500.0,500.0,80.0,573.75,TRUE,POR CONFIRMAR,FALSE,2024,R1
437,2024-07-30,2024,3,19,36,,COPLE Y ABRAZADERA,3,PZA,438.69,438.69,70.1904,508.8804,TRUE,POR CONFIRMAR,FALSE,2024,R1
438,2024-07-31,2024,3,11,47,,REPARACION LLANTA TRASERA,1,SERV,603.45,603.45,96.552,700.002,TRUE,POR CONFIRMAR,FALSE,2024,R1
439,2024-08-07,2024,3,4,18,,ACEITE HIDRAULICO ISO 68 C/19L,1,PZA,1030.0,1030.0,164.8,1194.8,TRUE,POR CONFIRMAR,FALSE,2024,R1
440,2024-08-15,2024,3,4,14,,ACEITE HIDRAULICO ISO 68 C/19L,1,PZA,1208.19,1208.19,193.3104,1401.5004,TRUE,POR CONFIRMAR,FALSE,2024,R1
441,2024-08-16,2024,3,4,45,,CARGA DE NITROGENO,1,SERV,1400.0,1400.0,,1400.0,FALSE,POR CONFIRMAR,FALSE,2024,R1
442,2024-08-17,2024,3,4,14,,GRASA PEAK MOLLY C/16 KG (MARTILLOS),0.5,PZA,916.38,916.38,146.6208,1063.0008,TRUE,POR CONFIRMAR,FALSE,2024,R1
443,2024-08-21,2024,3,4,14,,GRASA CHASIS E-LITE C/16 KG ROSHFRANS,0.2,PZA,287.76,287.76,46.0416,333.8016,TRUE,POR CONFIRMAR,FALSE,2024,R1
444,2024-08-27,2024,3,19,46,,PICA TIPO CINCEL PARA MARTILLO,1,PZA,4500.0,4500.0,720.0,5220.0,TRUE,POR CONFIRMAR,FALSE,2024,R1
445,2024-09-05,2024,3,12,36,,ADAPTADOR MACHO 3/4,1,PZA,111.82,111.82,17.8912,129.7112,TRUE,POR CONFIRMAR,FALSE,2024,R1
446,2024-09-05,2024,3,12,36,,CONEXIÓN B2 HEMBRA,2,PZA,929.52,929.52,148.7232,1078.2432,TRUE,POR CONFIRMAR,FALSE,2024,R1
447,2024-09-05,2024,3,12,36,,MANGUERA ALTA PRESION 5/8 GATES,1.57,MT,679.17,679.17,108.6672,787.8372,TRUE,POR CONFIRMAR,FALSE,2024,R1
448,2024-09-05,2024,3,19,36,,ORING,4,PZA,34.48,34.48,5.5168,39.9968,TRUE,POR CONFIRMAR,FALSE,2024,R1
449,2024-09-10,2024,3,19,61,,BANDA DE MOTOR,1,PZA,403.74,403.74,64.5984,468.3384,TRUE,POR CONFIRMAR,FALSE,2024,R1
450,2024-09-11,2024,3,4,10,,ACEITE DE MOTOR SAE 50 C/19 L,1,PZA,948.28,948.28,151.7248,1100.0048,TRUE,POR CONFIRMAR,FALSE,2024,R1
451,2024-09-19,2024,3,19,16,,ALTERNADOR Y ACCESORIOS PARA INSTALAR,1,PZA,3851.33,3851.33,616.2128,4467.5428,TRUE,POR CONFIRMAR,FALSE,2024,R1
452,2024-09-26,2024,3,19,41,,BOTON ARRANQUE,1,PZA,77.59,77.59,12.4144,90.0044,TRUE,POR CONFIRMAR,FALSE,2024,R1
453,2024-09-26,2024,3,19,41,,CABLE PARA INSTALAR HOROMETRO,7,MT,138.79,138.79,22.2064,160.9964,TRUE,POR CONFIRMAR,FALSE,2024,R1
454,2024-09-30,2024,3,12,36,,MANGUERA CONTINENTAL 3120 PSI,2.8,MT,1111.02,1111.02,177.7632,1288.7832,TRUE,POR CONFIRMAR,FALSE,2024,R1
455,2024-09-30,2024,3,12,36,,CONEXIÓN MACHO,2,PZA,526.51,526.51,84.2416,610.7516,TRUE,POR CONFIRMAR,FALSE,2024,R1
456,2024-09-30,2024,3,12,36,,CONEXIÓN HEMBRA,2,PZA,658.13,658.13,105.3008,763.4308,TRUE,POR CONFIRMAR,FALSE,2024,R1
457,2024-09-30,2024,3,12,3,,MANGUERAS PARKER PARA BRAZO Y MARTILLO CON ESPIRAL,6,PZA,8244.3,8244.3,1319.088,9563.388,TRUE,POR CONFIRMAR,FALSE,2024,R1
458,2024-09-30,2024,3,4,14,,ACEITE HIDRAULICO ISO 68 C/19L QUAKER STATE,1,PZA,1051.73,1051.73,168.2768,1220.0068,TRUE,POR CONFIRMAR,FALSE,2024,R1
459,2024-10-03,2024,3,13,4,,CAMBIO DE ALTERNADOR,1,SERV,2500.0,2500.0,,2500.0,FALSE,POR CONFIRMAR,FALSE,2024,R1
460,2024-10-24,2024,3,12,36,,COPLE PERMANENTE HEMBRA,1,PZA,336.0,336.0,53.76,389.76,TRUE,POR CONFIRMAR,FALSE,2024,R1
461,2024-10-24,2024,3,12,36,,MANGUERA ALTA PRESION 5/8 GATES,1.6,MT,593.02,593.02,94.8832,687.9032,TRUE,POR CONFIRMAR,FALSE,2024,R1
462,2024-10-24,2024,3,12,36,,CONEXIÓN B2 HEMBRA,2,PZA,733.83,733.83,117.4128,851.2428,TRUE,POR CONFIRMAR,FALSE,2024,R1
463,2024-11-06,2024,3,4,49,,CARGA DE NITROGENO,1,SERV,1400.0,1400.0,224.0,1624.0,TRUE,POR CONFIRMAR,FALSE,2024,R1
464,2024-11-12,2024,3,4,10,,ACEITE TRANSMISION AUTOMATICA MOTORCRAFT MERCON V 5 LTS,1,PZA,560.34,560.34,89.6544,649.9944,TRUE,POR CONFIRMAR,FALSE,2024,R1
465,2024-11-23,2024,3,11,47,,LLANTA 19.5L24 EPSILON SUPER PLUS,1,PZA,10344.83,10344.83,1655.1728,12000.0028,TRUE,POR CONFIRMAR,FALSE,2024,R1
466,2024-11-23,2024,3,11,47,,REPARACION LLANTA 11L16,1,SERV,215.52,215.52,34.4832,250.0032,TRUE,POR CONFIRMAR,FALSE,2024,R1
467,2024-11-23,2024,3,11,47,,MONTAJE LLANTA 11L16,1,SERV,172.41,172.41,27.5856,199.9956,TRUE,POR CONFIRMAR,FALSE,2024,R1
468,2024-11-26,2024,3,13,20,,REPARACION DE MAROMA,1,SERV,700.0,700.0,103.25,803.25,TRUE,POR CONFIRMAR,FALSE,2024,R1
469,2024-11-29,2024,3,4,10,,ACEITE HIDRAULICO ISO 68 C/19 LTS MEXLUB,1,PZA,1034.48,1034.48,165.5168,1199.9968,TRUE,POR CONFIRMAR,FALSE,2024,R1
470,2024-12-06,2024,3,12,36,,CONEXIÓN B2 HEMBRA GIRAT JIC 37° 1/2,1,PZA,230.54,230.54,36.8864,267.4264,TRUE,POR CONFIRMAR,FALSE,2024,R1
471,2024-12-06,2024,3,12,36,,CONEXIÓN B2 HEMBRA GIRAT JIC 37° 1/2 A 5/8,1,PZA,299.25,299.25,47.88,347.13,TRUE,POR CONFIRMAR,FALSE,2024,R1
472,2024-12-06,2024,3,12,36,,MANGUERA HIDRAULICA CONTINENTAL 1/2 4000 PSI,0.76,MT,246.72,246.72,39.4752,286.1952,TRUE,POR CONFIRMAR,FALSE,2024,R1
473,2024-12-06,2024,3,12,36,,CONEXIÓN B2 HEMBRA GIRAT JIC 37° 5/8,2,PZA,867.49,867.49,138.7984,1006.2884,TRUE,POR CONFIRMAR,FALSE,2024,R1
474,2024-12-06,2024,3,12,36,,MANGUERA HIDRAULICA CONTINENTAL 5/8 3630 PSI,1.97,MT,782.01,782.01,125.1216,907.1316,TRUE,POR CONFIRMAR,FALSE,2024,R1
475,2024-01-18,2024,2,4,2,,GALON ACEITE MOTOR 25W50 5L,2,PZA,1015.52,1015.52,162.4832,1178.0032,TRUE,POR CONFIRMAR,FALSE,2024,GRUA HIAB
476,2024-01-20,2024,2,4,2,,CUBETA ACEITE MOTOR 25W50 19L,1,PZA,1479.06,1479.06,236.6496,1715.7096,TRUE,POR CONFIRMAR,FALSE,2024,GRUA HIAB
477,2024-02-14,2024,2,4,14,,ACEITE TRANSMISION GL5 85W140 C/19 L,1,PZA,1737.93,1737.93,278.0688,2015.9988,TRUE,POR CONFIRMAR,FALSE,2024,GRUA HIAB
478,2024-02-14,2024,2,4,14,,ACEITE DIESEL CF-4 25W50 C/19 L,1,PZA,1370.69,1370.69,219.3104,1590.0004,TRUE,POR CONFIRMAR,FALSE,2024,GRUA HIAB
479,2024-02-14,2024,2,19,18,,VALVULA LATERAL,1,PZA,894.0,894.0,,894.0,TRUE,POR CONFIRMAR,FALSE,2024,GRUA HIAB
480,2024-02-14,2024,2,4,18,,CINTA TEFLON,1,PZA,25.0,25.0,,25.0,TRUE,POR CONFIRMAR,FALSE,2024,GRUA HIAB
481,2024-02-28,2024,2,4,14,,MANTENIMIENTO,1,PZA,4383.0,4383.0,701.28,5084.28,TRUE,POR CONFIRMAR,FALSE,2024,GRUA HIAB
482,2024-02-28,2024,2,19,14,,ACUMULADOR LTH L31T-900 AR,1,PZA,2455.17,2455.17,392.8272,2847.9972,TRUE,POR CONFIRMAR,FALSE,2024,GRUA HIAB
483,2024-03-20,2024,2,13,62,,DIAGNOSTICO VALVULA IPR,1,SERV,3500.0,3500.0,,3500.0,FALSE,POR CONFIRMAR,FALSE,2024,GRUA HIAB
484,2024-04-03,2024,2,13,62,,"BAJAR Y SUBIR CAJA DE VELOCIDADES, Y CAMBIO DE CLUTCH",2,SERV,7000.0,7000.0,,7000.0,FALSE,POR CONFIRMAR,FALSE,2024,GRUA HIAB
485,2024-04-03,2024,2,19,63,,EMBRAGUE TIPO STAMPED,1,PZA,9010.87,9010.87,1441.7392,10452.6092,TRUE,POR CONFIRMAR,FALSE,2024,GRUA HIAB
486,2024-04-03,2024,2,19,63,,FRENO EMBRAGUE,1,PZA,655.38,655.38,104.8608,760.2408,TRUE,POR CONFIRMAR,FALSE,2024,GRUA HIAB
487,2024-04-03,2024,2,19,18,,BALERO FAN CLUTCH,1,PZA,290.0,290.0,46.4,336.4,TRUE,POR CONFIRMAR,FALSE,2024,GRUA HIAB
488,2024-04-03,2024,2,4,18,,SILICON NEGRO,1,PZA,100.0,100.0,16.0,116.0,TRUE,POR CONFIRMAR,FALSE,2024,GRUA HIAB
489,2024-04-08,2024,2,13,64,,RECTIFICACION DE VOLANTA,1,SERV,1300.0,1300.0,208.0,1508.0,TRUE,POR CONFIRMAR,FALSE,2024,GRUA HIAB
490,2024-04-08,2024,2,11,19,,LLANTA 11R22.5,2,PZA,5086.21,5086.21,813.7936,5900.0036,TRUE,POR CONFIRMAR,FALSE,2024,GRUA HIAB
491,2024-04-10,2024,2,19,65,,INDICADOR DE RETORNABILIDAD,1,PZA,1390.86,1390.86,222.5376,1613.3976,TRUE,POR CONFIRMAR,FALSE,2024,GRUA HIAB
492,2024-05-28,2024,2,11,47,,MONTAJE LLANTA 11R22.5,2,SERV,431.04,431.04,68.9664,500.0064,TRUE,POR CONFIRMAR,FALSE,2024,GRUA HIAB
493,2024-08-07,2024,2,4,18,,ACEITE MOTOR DIESEL 15W40  C/19 L,0.5,PZA,800.0,800.0,128.0,928.0,TRUE,POR CONFIRMAR,FALSE,2024,GRUA HIAB
494,2024-08-10,2024,2,19,20,,"PASADORES GATOS ESTABILIZADORES MEDIDA 13CM DE LARGO X 1/2"" DIAMETRO",2,PZA,1800.0,1800.0,288.0,2065.5,TRUE,POR CONFIRMAR,FALSE,2024,GRUA HIAB
495,2024-08-13,2024,2,12,3,,MANGUERA Y CONEXIONES,3,PZA,331.66,331.66,53.0656,384.7256,TRUE,POR CONFIRMAR,FALSE,2024,GRUA HIAB
496,2024-08-21,2024,2,4,14,,GRASA CHASIS E-LITE C/16 KG ROSHFRANS,0.2,PZA,287.76,287.76,46.0416,333.8016,TRUE,POR CONFIRMAR,FALSE,2024,GRUA HIAB
497,2024-08-27,2024,2,19,66,,LUCES,5,PZA,2189.66,2189.66,350.3456,2540.0056,TRUE,POR CONFIRMAR,FALSE,2024,GRUA HIAB
498,2024-09-05,2024,2,19,36,,RES DE COMPRENSION 020,2,PZA,71.91,71.91,11.5056,83.4156,TRUE,POR CONFIRMAR,FALSE,2024,GRUA HIAB
499,2024-09-10,2024,2,19,67,,CONEXIONES PARA TOMA DE AIRE,1,PZA,350.0,350.0,56.0,406.0,TRUE,POR CONFIRMAR,FALSE,2024,GRUA HIAB
500,2024-09-10,2024,2,13,67,,MANO DE OBRA,1,SERV,800.0,800.0,128.0,928.0,TRUE,POR CONFIRMAR,FALSE,2024,GRUA HIAB
501,2024-09-24,2024,2,11,19,,SERVICIO A LLANTA 11R22.5,1,SERV,129.31,129.31,20.6896,149.9996,TRUE,POR CONFIRMAR,FALSE,2024,GRUA HIAB
502,2024-09-24,2024,2,11,19,,CALIBRACION,6,SERV,51.72,51.72,8.2752,59.9952,TRUE,POR CONFIRMAR,FALSE,2024,GRUA HIAB
503,2024-09-24,2024,2,11,19,,LLANTA 11R22.5 AGATE,1,PZA,3947.95,3947.95,631.672,4579.622,TRUE,POR CONFIRMAR,FALSE,2024,GRUA HIAB
504,2024-09-25,2024,2,4,2,,ACEITE MOTOR 15W40 C/19 L,1,PZA,1560.95,1560.95,249.752,1810.702,TRUE,POR CONFIRMAR,FALSE,2024,GRUA HIAB
505,2024-09-30,2024,2,4,14,,ACEITE DIESEL 15W40 C/19 LTS QUAKER STATE,1,PZA,1370.69,1370.69,219.3104,1590.0004,TRUE,POR CONFIRMAR,FALSE,2024,GRUA HIAB
506,2024-10-25,2024,2,4,14,,ACEITE TRANSMISION GL5 SAE 85W140 C/19 LTS ROSHFRANS,1,PZA,1737.93,1737.93,278.0688,2015.9988,TRUE,POR CONFIRMAR,FALSE,2024,GRUA HIAB
507,2024-10-25,2024,2,4,14,,ACEITE DIESEL CF SAE 15W40 C/19 LTS QUAKER STATE,1,PZA,1370.69,1370.69,219.3104,1590.0004,TRUE,POR CONFIRMAR,FALSE,2024,GRUA HIAB
508,2024-11-26,2024,2,19,67,,VALVULA GOBERNADORA,1,PZA,780.0,780.0,124.8,904.8,TRUE,POR CONFIRMAR,FALSE,2024,GRUA HIAB
509,2024-11-26,2024,2,19,67,,CONEXIONES PARA TOMA DE AIRE,1,PZA,100.0,100.0,16.0,116.0,TRUE,POR CONFIRMAR,FALSE,2024,GRUA HIAB
510,2024-11-26,2024,2,13,67,,MANO DE OBRA CAMBIAR VALVULA GOBERNADORA,1,SERV,350.0,350.0,56.0,406.0,TRUE,POR CONFIRMAR,FALSE,2024,GRUA HIAB
511,2024-01-15,2024,24,13,68,,"DIAGNOSTICO, DESARMAR Y ARMAR HIDROBOOSTER",1,SERV,2500.0,2500.0,,2500.0,FALSE,POR CONFIRMAR,FALSE,2024,SILVERADO
512,2024-01-15,2024,24,13,68,,REPARACION DE LINEA DE CORRIENTE ALTERNADOR,1,SERV,500.0,500.0,,500.0,FALSE,POR CONFIRMAR,FALSE,2024,SILVERADO
513,2024-03-09,2024,24,13,4,,CAMBIO DE COLUMPIO DE SUSPENSION LADO IZQ,1,SERV,1500.0,1500.0,,1500.0,FALSE,POR CONFIRMAR,FALSE,2024,SILVERADO
514,2024-03-09,2024,24,19,69,,"COLUMPIO, RONDANA, TUERCA, TORNILLO, BUJE",1,PZA,409.16,409.16,65.4656,474.6256,TRUE,POR CONFIRMAR,FALSE,2024,SILVERADO
515,2024-03-12,2024,24,11,19,,CALIBRACION LLANTAS,6,SERV,105.6,105.6,16.896,122.496,TRUE,POR CONFIRMAR,FALSE,2024,SILVERADO
516,2024-05-10,2024,24,11,19,,LLANTA 215/85R16 COOPER,1,PZA,4000.0,4000.0,640.0,4640.0,TRUE,POR CONFIRMAR,FALSE,2024,SILVERADO
517,2024-06-04,2024,24,13,70,,SERVICIO DE RESCATE Y REPARACION ALTERNADOR,1,SERV,800.0,800.0,,800.0,FALSE,POR CONFIRMAR,FALSE,2024,SILVERADO
518,2024-06-04,2024,24,19,16,,ALTERNADOR,1,PZA,2649.14,2649.14,423.8624,3073.0024,TRUE,POR CONFIRMAR,FALSE,2024,SILVERADO
519,2024-06-18,2024,24,19,71,,SOPORTES MOTOR Y CAJA,3,PZA,1646.0,1646.0,263.36,1909.36,TRUE,POR CONFIRMAR,FALSE,2024,SILVERADO
520,2024-06-27,2024,24,19,9,,BALATAS TRASERAS PAR,1,PZA,731.9,731.9,117.104,849.004,TRUE,POR CONFIRMAR,FALSE,2024,SILVERADO
521,2024-06-27,2024,24,19,9,,BALATAS DELANTERAS PAR,1,PZA,499.14,499.14,79.8624,579.0024,TRUE,POR CONFIRMAR,FALSE,2024,SILVERADO
522,2024-07-04,2024,24,4,9,,INSUMOS MANTENIMIENTO MAYOR,5,PZA,1513.79,1513.79,242.2064,1755.9964,TRUE,POR CONFIRMAR,FALSE,2024,SILVERADO
523,2024-08-15,2024,24,19,10,,TAPA DE DISTRIBUIDOR,1,PZA,258.62,258.62,41.3792,299.9992,TRUE,POR CONFIRMAR,FALSE,2024,SILVERADO
524,2024-08-15,2024,24,19,10,,ROTOR DE DISTRIBUIDOR,1,PZA,86.21,86.21,13.7936,100.0036,TRUE,POR CONFIRMAR,FALSE,2024,SILVERADO
525,2024-08-15,2024,24,19,10,,PLUMA LIMPIAPARABRISAS,2,PZA,163.8,163.8,26.208,190.008,TRUE,POR CONFIRMAR,FALSE,2024,SILVERADO
526,2024-08-21,2024,24,4,10,,FILTRO GASOLINA GG-46,1,PZA,77.59,77.59,12.4144,90.0044,TRUE,POR CONFIRMAR,FALSE,2024,SILVERADO
527,2024-08-22,2024,24,19,16,,BOMBA DE GASOLINA,1,PZA,1149.64,1149.64,183.9424,1333.5824,TRUE,POR CONFIRMAR,FALSE,2024,SILVERADO
528,2024-09-05,2024,24,19,36,,ABRAZADERA INOXIDABLE (1/2 7/8),2,PZA,17.29,17.29,2.7664,20.0564,TRUE,POR CONFIRMAR,FALSE,2024,SILVERADO
529,2024-09-05,2024,24,19,36,,ABRAZADERA INOXIDABLE (2-1/4 A 3),2,PZA,53.72,53.72,8.5952,62.3152,TRUE,POR CONFIRMAR,FALSE,2024,SILVERADO
530,2024-09-30,2024,24,11,47,,LLANTA 215/85R16 FULLRUN,2,PZA,6034.48,6034.48,965.5168,6999.9968,TRUE,POR CONFIRMAR,FALSE,2024,SILVERADO
531,2024-03-08,2024,26,4,9,,LIQUIDO DE FRENOS 1 L,1,PZA,105.05,105.05,16.808,121.858,TRUE,POR CONFIRMAR,FALSE,2024,FORD 2007
532,2024-03-08,2024,26,19,9,,MORDAZA DE FRENO,4,PZA,3772.58,3772.58,603.6128,4376.1928,TRUE,POR CONFIRMAR,FALSE,2024,FORD 2007
533,2024-03-08,2024,26,19,9,,BALATA DE FRENO,1,PZA,643.19,643.19,102.9104,725.0,TRUE,POR CONFIRMAR,FALSE,2024,FORD 2007
534,2024-03-09,2024,26,13,4,,CAMBIO DE MORDAZAS Y LIMPIEZA DE FRENOS,1,SERV,3500.0,3500.0,,3500.0,FALSE,POR CONFIRMAR,FALSE,2024,FORD 2007
535,2024-03-12,2024,26,11,19,,CALIBRACION LLANTAS,5,SERV,96.98,96.98,15.5168,112.4968,TRUE,POR CONFIRMAR,FALSE,2024,FORD 2007
536,2024-04-11,2024,26,4,2,,ACEITE MOTOR 25W50 5 L,1,PZA,421.77,421.77,67.4832,489.2532,TRUE,POR CONFIRMAR,FALSE,2024,FORD 2007
537,2024-06-18,2024,26,19,71,,SOPORTES MOTOR Y CAJA,3,PZA,2062.0,2062.0,329.92,2391.92,TRUE,POR CONFIRMAR,FALSE,2024,FORD 2007
538,2024-06-20,2024,26,4,10,,ACEITE DIFERENCIAL SAE 250 B/950 ML,3,PZA,258.63,258.63,41.3808,300.0108,TRUE,POR CONFIRMAR,FALSE,2024,FORD 2007
539,2024-06-27,2024,26,19,9,,"PLUMA LIMPIAPARABRISAS 20""",1,PZA,266.38,266.38,42.6208,309.0008,TRUE,POR CONFIRMAR,FALSE,2024,FORD 2007
540,2024-07-31,2024,26,11,47,,REPARACION LLANTA,1,SERV,129.31,129.31,20.6896,149.9996,TRUE,POR CONFIRMAR,FALSE,2024,FORD 2007
541,2024-08-16,2024,26,19,9,,RETEN DE FLECHA EJE TRASERO,1,PZA,282.07,282.07,45.1312,327.2012,TRUE,POR CONFIRMAR,FALSE,2024,FORD 2007
542,2024-08-16,2024,26,19,9,,RETEN DE FLECHA EJE TRASERO,1,PZA,282.07,282.07,45.1312,327.2012,TRUE,POR CONFIRMAR,FALSE,2024,FORD 2007
543,2024-09-25,2024,26,4,2,,ACEITE MOTOR 25W50 5 L,1,PZA,453.52,453.52,72.5632,526.0832,TRUE,POR CONFIRMAR,FALSE,2024,FORD 2007
544,2024-09-27,2024,26,11,19,,LLANTA 7.50-17 CENTELLA TORNEL,1,PZA,3617.24,3617.24,578.7584,4195.9984,TRUE,POR CONFIRMAR,FALSE,2024,FORD 2007
545,2024-09-30,2024,26,13,72,,DIAGNOSTICO DE BATERIA,1,SERV,40.0,40.0,,40.0,TRUE,POR CONFIRMAR,FALSE,2024,FORD 2007
546,2024-10-02,2024,26,19,9,,JUEGO DE FUSIBLES,1,PZA,240.52,240.52,38.4832,279.0032,TRUE,POR CONFIRMAR,FALSE,2024,FORD 2007
547,2024-11-12,2024,26,4,10,,ACEITE MULTIGRADO GASOLINA SAE 20W50 4.75 LTS,1,PZA,344.83,344.83,55.1728,400.0028,TRUE,POR CONFIRMAR,FALSE,2024,FORD 2007
548,2024-11-20,2024,26,19,10,,MARCHA AUTOMOTRIZ 12V,1,PZA,3275.86,3275.86,524.1376,3799.9976,TRUE,POR CONFIRMAR,FALSE,2024,FORD 2007
549,2024-11-27,2024,26,19,41,,"PLAFON ROJO 4""",2,PZA,341.38,341.38,54.6208,396.0008,TRUE,POR CONFIRMAR,FALSE,2024,FORD 2007
550,2024-11-27,2024,26,19,41,,"PLAFON LED REDONDO AMBAR 4""",2,PZA,241.38,241.38,38.6208,280.0008,TRUE,POR CONFIRMAR,FALSE,2024,FORD 2007
551,2024-11-27,2024,26,19,41,,LIMPIADOR DE CONTACTOS WURTH 300ML,1,PZA,137.93,137.93,22.0688,159.9988,TRUE,POR CONFIRMAR,FALSE,2024,FORD 2007
552,2024-11-27,2024,26,19,41,,TERMOFIT 1/4 TERMOCONTRACTIL,1,PZA,8.62,8.62,1.3792,9.9992,TRUE,POR CONFIRMAR,FALSE,2024,FORD 2007
553,2024-11-27,2024,26,19,41,,CABLE CALIBRE 14,5,PZA,64.66,64.66,10.3456,75.0056,TRUE,POR CONFIRMAR,FALSE,2024,FORD 2007
554,2024-11-27,2024,26,19,41,,JUEGO FARO REDONDO BLANCO,1,PZA,387.93,387.93,62.0688,449.9988,TRUE,POR CONFIRMAR,FALSE,2024,FORD 2007
555,2024-02-20,2024,25,13,73,,MANO DE OBRA CAJA DE TRANSMISION,1,SERV,3500.0,3500.0,,3500.0,FALSE,POR CONFIRMAR,FALSE,2024,FORD 2006
556,2024-02-20,2024,25,19,73,,REFACCIONES CAJA DE TRANSMISION,9,PZA,17500.0,17500.0,,17500.0,FALSE,POR CONFIRMAR,FALSE,2024,FORD 2006
557,2024-05-28,2024,25,19,10,,ACUMULADOR LTH 15 PLACAS L-35-575,1,PZA,1896.55,1896.55,303.448,2199.998,TRUE,POR CONFIRMAR,FALSE,2024,FORD 2006
558,2024-06-06,2024,25,4,10,,ANTICONGELANTE G/3.785 LTS,6,PZA,775.86,775.86,124.1376,899.9976,TRUE,POR CONFIRMAR,FALSE,2024,FORD 2006
559,2024-06-06,2024,25,19,10,,CLUTCH,1,PZA,6034.48,6034.48,965.5168,6999.9968,TRUE,POR CONFIRMAR,FALSE,2024,FORD 2006
560,2024-06-06,2024,25,4,10,,CONSUMIBLES MANTENIMIENTO MAYOR,11,PZA,3168.16,3168.16,506.9056,3675.0656,TRUE,POR CONFIRMAR,FALSE,2024,FORD 2006
561,2024-06-06,2024,25,13,4,,MANO DE OBRA MANTENIMIENTO MAYOR Y LIMPIEZA CUERPO ACELERACION,1,SERV,3000.0,3000.0,,3000.0,FALSE,POR CONFIRMAR,FALSE,2024,FORD 2006
562,2024-06-06,2024,25,13,4,,MANO DE OBRA ARMADO DE CAJA DE VELOCIDADES,1,SERV,5000.0,5000.0,,5000.0,FALSE,POR CONFIRMAR,FALSE,2024,FORD 2006
563,2024-06-06,2024,25,19,74,,ACUMULADOR 17 PLACAS,1,PZA,2581.7,2581.7,413.072,2994.772,FALSE,POR CONFIRMAR,FALSE,2024,FORD 2006
564,2024-06-18,2024,25,19,34,,TORNILLOS Y TUERCAS CAJA DE VELOCIDADES,36,PZA,102.77,102.77,16.4432,119.2132,TRUE,POR CONFIRMAR,FALSE,2024,FORD 2006
565,2024-06-18,2024,25,19,71,,SOPORTES MOTOR Y CAJA,3,PZA,2062.0,2062.0,329.92,2391.92,TRUE,POR CONFIRMAR,FALSE,2024,FORD 2006
566,2024-06-27,2024,25,19,9,,BALATAS DELANTERAS PAR,1,PZA,688.79,688.79,110.2064,798.9964,TRUE,POR CONFIRMAR,FALSE,2024,FORD 2006
567,2024-06-27,2024,25,19,9,,BALATAS TRASERAS PAR,1,PZA,602.59,602.59,96.4144,699.0044,TRUE,POR CONFIRMAR,FALSE,2024,FORD 2006
568,2024-06-28,2024,25,19,9,,BOMBA DE COMBUSTIBLE,1,PZA,3378.62,3378.62,540.5792,3919.1992,TRUE,POR CONFIRMAR,FALSE,2024,FORD 2006
569,2024-07-23,2024,25,13,75,,REPARACION TANQUE DE GASOLINA,1,SERV,2000.0,2000.0,,2000.0,FALSE,POR CONFIRMAR,FALSE,2024,FORD 2006
570,2024-08-22,2024,25,19,76,,SEGURO DEL TANQUE PARA BOMBA DE COMBUSTIBLE,1,PZA,800.0,800.0,,800.0,FALSE,POR CONFIRMAR,FALSE,2024,FORD 2006
571,2024-09-19,2024,25,19,16,,BOMBA DE GASOLINA,1,PZA,3600.23,3600.23,576.0368,4176.2668,TRUE,POR CONFIRMAR,FALSE,2024,FORD 2006
572,2024-09-28,2024,25,13,4,,VIATICOS,1,SERV,5000.0,5000.0,,5000.0,FALSE,POR CONFIRMAR,FALSE,2024,FORD 2006
573,2024-09-28,2024,25,13,4,,MANTENIMIENTO MAYOR,1,SERV,2500.0,2500.0,,2500.0,FALSE,POR CONFIRMAR,FALSE,2024,FORD 2006
574,2024-09-28,2024,25,13,4,,ARMADO DE TANQUE DE COMBUSTIBLE Y REVISION DE CABLERIA,1,SERV,1500.0,1500.0,,1500.0,FALSE,POR CONFIRMAR,FALSE,2024,FORD 2006
575,2024-09-28,2024,25,13,4,,CAMBIO DE BASES DE MOTOR,1,SERV,2500.0,2500.0,,2500.0,FALSE,POR CONFIRMAR,FALSE,2024,FORD 2006
576,2024-09-28,2024,25,13,4,,LAVADO DE INYECTORES,1,SERV,500.0,500.0,,500.0,FALSE,POR CONFIRMAR,FALSE,2024,FORD 2006
577,2024-05-28,2024,15,11,47,,REPARACION LLANTA,1,SERV,86.21,86.21,13.7936,100.0036,TRUE,POR CONFIRMAR,FALSE,2024,NISSAN 70
578,2024-05-28,2024,15,19,10,,TERMINAL PARA BATERIA,2,PZA,86.2,86.2,13.792,99.992,TRUE,POR CONFIRMAR,FALSE,2024,NISSAN 70
579,2024-05-28,2024,15,4,10,,ACEITE DE TRANSMISION AUTOMATICA ATF3 B/946 ML,1,PZA,86.22,86.22,13.7952,100.0152,TRUE,POR CONFIRMAR,FALSE,2024,NISSAN 70
580,2024-05-28,2024,15,4,10,,ANTICONGELANTE G/3.785 L,1,PZA,163.79,163.79,26.2064,189.9964,TRUE,POR CONFIRMAR,FALSE,2024,NISSAN 70
581,2024-06-04,2024,15,4,2,,CONSUMIBLES MANTENIMIENTO MAYOR,6,PZA,2117.265,2117.265,338.7624,2456.0274,TRUE,POR CONFIRMAR,FALSE,2024,NISSAN 70
582,2024-06-05,2024,15,19,10,,CAJA DIRECCION (CREMALLERA),1,PZA,3706.9,3706.9,593.104,4300.004,TRUE,POR CONFIRMAR,FALSE,2024,NISSAN 70
583,2024-06-05,2024,15,19,10,,BOBINA DE ENCENDIDO,1,PZA,344.83,344.83,55.1728,400.0028,TRUE,POR CONFIRMAR,FALSE,2024,NISSAN 70
584,2024-06-06,2024,15,19,10,,SOPORTE BATERIA TIPO GANCHO,1,PZA,68.97,68.97,11.0352,80.0052,TRUE,POR CONFIRMAR,FALSE,2024,NISSAN 70
585,2024-06-06,2024,15,19,10,,TERMINAL PARA BATERIA,1,PZA,38.79,38.79,6.2064,44.9964,TRUE,POR CONFIRMAR,FALSE,2024,NISSAN 70
586,2024-06-06,2024,15,19,74,,MARCHA,1,PZA,3725.0,3725.0,596.0,4321.0,TRUE,POR CONFIRMAR,FALSE,2024,NISSAN 70
587,2024-06-06,2024,15,13,4,,MANO DE OBRA MANTENIMIENTO MAYOR Y LIMPIEZA CUERPO ACELERACION,1,SERV,3000.0,3000.0,,3000.0,FALSE,POR CONFIRMAR,FALSE,2024,NISSAN 70
588,2024-06-06,2024,15,13,4,,CAMBIO DE CREMALLERA,1,SERV,2000.0,2000.0,,2000.0,FALSE,POR CONFIRMAR,FALSE,2024,NISSAN 70
589,2024-06-06,2024,15,13,4,,CAMBIO DE MARCHA,1,SERV,1000.0,1000.0,,1000.0,FALSE,POR CONFIRMAR,FALSE,2024,NISSAN 70
590,2024-06-06,2024,15,13,4,,CAMBIO DE CAJA DE FUSIBLES GUANTERA,1,SERV,1000.0,1000.0,,1000.0,FALSE,POR CONFIRMAR,FALSE,2024,NISSAN 70
591,2024-06-06,2024,15,13,4,,CAMBIO DE SOPORTES DE MOTOR Y CAJA,1,SERV,2500.0,2500.0,,2500.0,FALSE,POR CONFIRMAR,FALSE,2024,NISSAN 70
592,2024-06-06,2024,15,13,4,,CAMBIO DE BALATAS,1,SERV,1000.0,1000.0,,1000.0,FALSE,POR CONFIRMAR,FALSE,2024,NISSAN 70
593,2024-06-06,2024,15,13,4,,CAMBIO DE CALAVERAS,1,SERV,500.0,500.0,,500.0,FALSE,POR CONFIRMAR,FALSE,2024,NISSAN 70
594,2024-06-18,2024,15,19,77,,CAJA DE FUSIBLES GUANTERA,1,PZA,2000.0,2000.0,320.0,2320.0,TRUE,POR CONFIRMAR,FALSE,2024,NISSAN 70
595,2024-06-20,2024,15,19,41,,BALATAS TRASERAS,1,PZA,771.55,771.55,123.448,894.998,TRUE,POR CONFIRMAR,FALSE,2024,NISSAN 70
596,2024-06-20,2024,15,19,41,,BALATAS DELANTERAS,1,PZA,409.48,409.48,65.5168,474.9968,TRUE,POR CONFIRMAR,FALSE,2024,NISSAN 70
597,2024-06-20,2024,15,19,41,,CALAVERAS,2,PZA,681.04,681.04,108.9664,790.0064,TRUE,POR CONFIRMAR,FALSE,2024,NISSAN 70
598,2024-06-22,2024,15,19,9,,TAPON DE LIQUIDO LIMPIAPARABRISAS,1,PZA,137.07,137.07,21.9312,159.0012,TRUE,POR CONFIRMAR,FALSE,2024,NISSAN 70
599,2024-06-22,2024,15,19,9,,RETENEDOR PLASTICO,1,PZA,47.41,47.41,7.5856,54.9956,TRUE,POR CONFIRMAR,FALSE,2024,NISSAN 70
600,2024-06-22,2024,15,19,9,,RETENEDOR PLASTICO,1,PZA,47.41,47.41,7.5856,54.9956,TRUE,POR CONFIRMAR,FALSE,2024,NISSAN 70
601,2024-07-02,2024,15,19,71,,SOPORTES MOTOR,2,PZA,962.0,962.0,153.92,1115.92,TRUE,POR CONFIRMAR,FALSE,2024,NISSAN 70
602,2024-07-15,2024,15,19,9,,CINCHOS Y FOCOS,4,PZA,452.595,452.595,72.4152,525.0102,TRUE,POR CONFIRMAR,FALSE,2024,NISSAN 70
603,2024-07-23,2024,15,13,20,,REPARACION ESTRUCTURA ESTACAS,1,SERV,4200.0,4200.0,672.0,4819.5,TRUE,POR CONFIRMAR,FALSE,2024,NISSAN 70
604,2024-07-31,2024,15,11,47,,LLANTA 195/R15 BLACKHAWK,2,PZA,3793.1,3793.1,606.896,4399.996,TRUE,POR CONFIRMAR,FALSE,2024,NISSAN 70
605,2024-11-22,2024,15,4,2,,BUJIA NGK,4,PZA,723.1,723.1,115.696,838.796,TRUE,POR CONFIRMAR,FALSE,2024,NISSAN 70
606,2024-11-22,2024,15,19,2,,MAZA Y BALERO,2,PZA,3606.47,3606.47,577.0352,4183.5052,TRUE,POR CONFIRMAR,FALSE,2024,NISSAN 70
607,2024-11-22,2024,15,4,2,,FILTRO ACEITE GONHER GP-149,1,PZA,101.51,101.51,16.2416,117.7516,TRUE,POR CONFIRMAR,FALSE,2024,NISSAN 70
608,2024-11-22,2024,15,4,2,,FILTRO AIRE GONHER GAD-295,1,PZA,137.07,137.07,21.9312,159.0012,TRUE,POR CONFIRMAR,FALSE,2024,NISSAN 70
609,2024-11-22,2024,15,19,2,,BALATA TAMBOR,1,PZA,684.7,684.7,109.552,794.252,TRUE,POR CONFIRMAR,FALSE,2024,NISSAN 70
610,2024-11-22,2024,15,4,2,,ACEITE MOTOR SINTETICO 5W30 CASTROL G/4.73 LTS,1,PZA,1684.28,1684.28,269.4848,1953.7648,TRUE,POR CONFIRMAR,FALSE,2024,NISSAN 70
611,2024-11-22,2024,15,4,2,,ANTICONGELANTE 35% PRESTON G/4.73 LTS,1,PZA,169.83,169.83,27.1728,197.0028,TRUE,POR CONFIRMAR,FALSE,2024,NISSAN 70
612,2024-11-22,2024,15,4,2,,LIMPIADOR DE CARBURADORES,1,PZA,76.94,76.94,12.3104,89.2504,TRUE,POR CONFIRMAR,FALSE,2024,NISSAN 70
613,2024-11-23,2024,15,11,47,,LLANTA 195/R15 BLACKHAWK,1,PZA,1896.55,1896.55,303.448,2199.998,TRUE,POR CONFIRMAR,FALSE,2024,NISSAN 70
614,2024-11-23,2024,15,19,78,,CANDADO LAMINADO 40 MM HERMEX PARA REFACCION,1,PZA,53.45,53.45,8.552,62.002,TRUE,POR CONFIRMAR,FALSE,2024,NISSAN 70
615,2024-11-23,2024,15,19,78,,CADENA GALVANIZADA 1/4 PARA REFACCION,2,MT,101.72,101.72,16.2752,117.9952,TRUE,POR CONFIRMAR,FALSE,2024,NISSAN 70
616,2024-11-23,2024,15,4,2,,EMPAQUE TAPA DE PUNTERIAS,1,PZA,201.08,201.08,32.1728,233.2528,TRUE,POR CONFIRMAR,FALSE,2024,NISSAN 70
617,2024-11-25,2024,15,13,79,,CAMBIO DE BALEROS DELANTEROS,2,SERV,1600.0,1600.0,256.0,1856.0,TRUE,POR CONFIRMAR,FALSE,2024,NISSAN 70
618,2024-11-25,2024,15,13,79,,CAMBIO DE BALATAS TRASERAS,2,SERV,700.0,700.0,112.0,812.0,TRUE,POR CONFIRMAR,FALSE,2024,NISSAN 70
619,2024-11-25,2024,15,13,79,,RECTIFICACION DE TAMBORES,2,SERV,300.0,300.0,48.0,348.0,TRUE,POR CONFIRMAR,FALSE,2024,NISSAN 70
620,2024-11-25,2024,15,13,79,,MANTENIMIENTO MAYOR,1,SERV,650.0,650.0,104.0,754.0,TRUE,POR CONFIRMAR,FALSE,2024,NISSAN 70
621,2024-11-25,2024,15,13,79,,CAMBIO DE EMPAQUE DE PUNTERIAS,1,SERV,850.0,850.0,136.0,986.0,TRUE,POR CONFIRMAR,FALSE,2024,NISSAN 70
622,2024-11-25,2024,15,13,19,,BALANCEO,1,SERV,310.36,310.36,49.6576,360.0176,TRUE,POR CONFIRMAR,FALSE,2024,NISSAN 70
623,2024-03-09,2024,14,11,19,,LLANTA 195R15C MAZZINI,1,PZA,1923.1,1923.1,307.696,2230.796,TRUE,POR CONFIRMAR,FALSE,2024,NISSAN 69
624,2024-03-09,2024,14,11,19,,RIN 15 MEDIO USO,1,PZA,1293.1,1293.1,206.896,1499.996,TRUE,POR CONFIRMAR,FALSE,2024,NISSAN 69
625,2024-03-09,2024,14,19,2,,BALATA,1,PZA,629.74,629.74,100.7584,730.4984,TRUE,POR CONFIRMAR,FALSE,2024,NISSAN 69
626,2024-03-09,2024,14,19,78,,GATO DE BOTELLA 2 TON,1,PZA,346.55,346.55,55.448,401.998,TRUE,POR CONFIRMAR,FALSE,2024,NISSAN 69
627,2024-03-09,2024,14,4,78,,LIJA ESMERIL,1,PZA,12.07,12.07,1.9312,14.0012,TRUE,POR CONFIRMAR,FALSE,2024,NISSAN 69
628,2024-03-09,2024,14,4,78,,DISCO PARA CORTE,3,PZA,43.98,43.98,7.0368,51.0168,TRUE,POR CONFIRMAR,FALSE,2024,NISSAN 69
629,2024-03-11,2024,14,13,4,,"CAMBIO DE FAROS, CALAVERAS, SENSOR ABS, BALATAS DEL, FUSIBLE DE REVERSA, CALIBRACION BALATAS TRAS, PROGRAMACION DE LLAVE CON ESCANER",1,SERV,2000.0,2000.0,,2000.0,FALSE,POR CONFIRMAR,FALSE,2024,NISSAN 69
630,2024-03-11,2024,14,19,80,,CALAVERAS,2,PZA,405.0,405.0,64.8,469.8,TRUE,POR CONFIRMAR,FALSE,2024,NISSAN 69
631,2024-03-11,2024,14,19,80,,FAROS,2,PZA,3525.0,3525.0,564.0,4089.0,TRUE,POR CONFIRMAR,FALSE,2024,NISSAN 69
632,2024-03-11,2024,14,19,77,,SENSOR ABS,1,PZA,1000.0,1000.0,,1000.0,TRUE,POR CONFIRMAR,FALSE,2024,NISSAN 69
633,2024-03-11,2024,14,19,16,,FOCOS HALOGENOS E INCANDESENTES,6,PZA,57.57,57.57,9.2112,66.7812,TRUE,POR CONFIRMAR,FALSE,2024,NISSAN 69
634,2024-03-12,2024,14,13,81,,"MANO DE OBRA MANTENIMIENTO 290,000 KM",1,SERV,3049.54,3049.54,487.9264,3537.4664,TRUE,POR CONFIRMAR,FALSE,2024,NISSAN 69
635,2024-03-12,2024,14,4,81,,"CONSUMIBLES MANTENIMIENTO 290,000 KM",12,PZA,2322.0,2322.0,371.52,2693.52,TRUE,POR CONFIRMAR,FALSE,2024,NISSAN 69
636,2024-03-12,2024,14,11,19,,REPARACION LLANTA RIN 15,1,SERV,174.57,174.57,27.9312,202.5012,TRUE,POR CONFIRMAR,FALSE,2024,NISSAN 69
637,2024-03-19,2024,14,19,2,,BOMBA ELECTRICA GASOLINA,1,PZA,1373.27,1373.27,219.7232,1592.9932,TRUE,POR CONFIRMAR,FALSE,2024,NISSAN 69
638,2024-03-19,2024,14,13,4,,CAMBIO BOMBA COMBUSTIBLE Y LAVADO TANQUE DE COMBUSTIBLE,2,SERV,2000.0,2000.0,,2000.0,FALSE,POR CONFIRMAR,FALSE,2024,NISSAN 69
639,2024-03-22,2024,14,19,9,,SUJETADORES,3,PZA,142.23,142.23,22.7568,164.9868,TRUE,POR CONFIRMAR,FALSE,2024,NISSAN 69
640,2024-04-29,2024,14,11,19,,LLANTA 195R15,2,PZA,3269.28,3269.28,523.0848,3792.3648,TRUE,POR CONFIRMAR,FALSE,2024,NISSAN 69
641,2024-05-28,2024,14,19,10,,TERMINAL PARA BATERIA,2,PZA,86.2,86.2,13.792,99.992,TRUE,POR CONFIRMAR,FALSE,2024,NISSAN 69
642,2024-06-04,2024,14,4,2,,CONSUMIBLES MANTENIMIENTO MAYOR,6,PZA,2117.265,2117.265,338.7624,2456.0274,TRUE,POR CONFIRMAR,FALSE,2024,NISSAN 69
643,2024-06-06,2024,14,19,10,,SOPORTE BATERIA TIPO GANCHO,1,PZA,68.97,68.97,11.0352,80.0052,TRUE,POR CONFIRMAR,FALSE,2024,NISSAN 69
644,2024-06-06,2024,14,19,10,,TERMINAL PARA BATERIA,1,PZA,38.79,38.79,6.2064,44.9964,TRUE,POR CONFIRMAR,FALSE,2024,NISSAN 69
645,2024-06-06,2024,14,13,4,,MANO DE OBRA MANTENIMIENTO MAYOR Y LIMPIEZA CUERPO ACELERACION,1,SERV,3000.0,3000.0,,3000.0,FALSE,POR CONFIRMAR,FALSE,2024,NISSAN 69
646,2024-06-18,2024,14,19,71,,SOPORTES MOTOR Y CAJA,3,PZA,2676.0,2676.0,428.16,3104.16,TRUE,POR CONFIRMAR,FALSE,2024,NISSAN 69
647,2024-06-20,2024,14,19,41,,BALATAS TRASERAS,1,PZA,771.55,771.55,123.448,894.998,TRUE,POR CONFIRMAR,FALSE,2024,NISSAN 69
648,2024-06-20,2024,14,19,41,,BALATAS DELANTERAS,1,PZA,409.48,409.48,65.5168,474.9968,TRUE,POR CONFIRMAR,FALSE,2024,NISSAN 69
649,2024-06-22,2024,14,19,9,,RETENEDOR PLASTICO,1,PZA,47.41,47.41,7.5856,54.9956,TRUE,POR CONFIRMAR,FALSE,2024,NISSAN 69
650,2024-07-13,2024,14,19,80,,COFRE,1,PZA,2625.0,2625.0,420.0,3045.0,TRUE,POR CONFIRMAR,FALSE,2024,NISSAN 69
651,2024-07-13,2024,14,19,80,,GUIA DEFENSA IZQUIERDA,1,PZA,150.0,150.0,24.0,174.0,TRUE,POR CONFIRMAR,FALSE,2024,NISSAN 69
652,2024-07-13,2024,14,19,80,,GUIA DEFENSA DERECHA,1,PZA,150.0,150.0,24.0,174.0,TRUE,POR CONFIRMAR,FALSE,2024,NISSAN 69
653,2024-07-13,2024,14,19,80,,DEFENSA DELANTERA,1,PZA,615.52,615.52,98.4832,714.0032,TRUE,POR CONFIRMAR,FALSE,2024,NISSAN 69
654,2024-07-15,2024,14,19,9,,CINCHOS Y FOCOS,4,PZA,452.595,452.595,72.4152,525.0102,TRUE,POR CONFIRMAR,FALSE,2024,NISSAN 69
655,2024-08-08,2024,14,13,82,,"PINTAR Y CAMBIAR COFRE, CAMBIO DE DEFENSA DELANTERA, REPARACION DE SALPICADERA IZQUIERDA",1,SERV,9000.0,9000.0,1440.0,10440.0,TRUE,POR CONFIRMAR,FALSE,2024,NISSAN 69
656,2024-09-21,2024,14,11,19,,LLANTA 195R15C BLACKHAWK,1,PZA,1914.66,1914.66,306.3456,2221.0056,TRUE,POR CONFIRMAR,FALSE,2024,NISSAN 69
657,2024-10-11,2024,14,19,2,,TAPON DE GASOLINA,1,PZA,59.48,59.48,9.5168,68.9968,TRUE,POR CONFIRMAR,FALSE,2024,NISSAN 69
658,2024-03-27,2024,13,11,19,,SERVICIO A LLANTA RIN 15,1,SERV,482.76,482.76,77.2416,560.0016,TRUE,POR CONFIRMAR,FALSE,2024,SAVEIRO 2
659,2024-05-29,2024,13,13,83,,"MANO DE OBRA MANTENIMIENTO 140,000 KM",1,SERV,1063.97,1063.97,170.2352,1234.2052,TRUE,POR CONFIRMAR,FALSE,2024,SAVEIRO 2
660,2024-05-29,2024,13,4,83,,"CONSUMIBLES MANTENIMIENTO 140,000 KM",8,PZA,2412.76,2412.76,386.0416,2798.8016,TRUE,POR CONFIRMAR,FALSE,2024,SAVEIRO 2
661,2024-06-04,2024,13,11,19,,LLANTA 205/60R15,2,PZA,4181.03,4181.03,668.9648,4849.9948,TRUE,POR CONFIRMAR,FALSE,2024,SAVEIRO 2
662,2024-07-15,2024,13,19,79,,BANDA MICRO V,1,PZA,511.22,511.22,81.7952,593.0152,TRUE,POR CONFIRMAR,FALSE,2024,SAVEIRO 2
663,2024-07-15,2024,13,13,79,,CAMBIO DE BANDA MICRO V,1,SERV,700.0,700.0,112.0,812.0,TRUE,POR CONFIRMAR,FALSE,2024,SAVEIRO 2
664,2024-07-16,2024,13,13,19,,ALINEACION,1,SERV,344.83,344.83,55.1728,400.0028,TRUE,POR CONFIRMAR,FALSE,2024,SAVEIRO 2
665,2024-07-16,2024,13,13,19,,CAMBIO DE ROTULAS,1,SERV,431.02,431.02,68.9632,499.9832,TRUE,POR CONFIRMAR,FALSE,2024,SAVEIRO 2
666,2024-07-16,2024,13,19,19,,ROTULAS,2,PZA,387.94,387.94,62.0704,450.0104,TRUE,POR CONFIRMAR,FALSE,2024,SAVEIRO 2
667,2024-10-21,2024,13,4,83,,"CONSUMIBLES MANTENIMIENTO 160,000 KM",1,PZA,1844.17,1844.17,295.0672,2139.2372,TRUE,POR CONFIRMAR,FALSE,2024,SAVEIRO 2
668,2024-10-21,2024,13,13,83,,"MANO DE OBRA MANTENIMIENTO 160,000 KM",1,PZA,1395.89,1395.89,223.3424,1619.2324,TRUE,POR CONFIRMAR,FALSE,2024,SAVEIRO 2
669,2024-11-01,2024,13,19,79,,JUEGO DE BALATAS DELANTERAS CERAMICA,1,PZA,602.66,602.66,96.4256,699.0856,TRUE,POR CONFIRMAR,FALSE,2024,SAVEIRO 2
670,2024-11-01,2024,13,13,79,,RECTIFICACION DE DISCOS DELANTEROS,2,SERV,360.0,360.0,57.6,417.6,TRUE,POR CONFIRMAR,FALSE,2024,SAVEIRO 2
671,2024-11-01,2024,13,13,79,,CAMBIO DE BALATAS DELANTERAS,2,SERV,700.0,700.0,112.0,812.0,TRUE,POR CONFIRMAR,FALSE,2024,SAVEIRO 2
672,2024-05-10,2024,12,13,83,,"MANO DE OBRA MANTENIMIENTO 125,000 KM",1,SERV,2063.52,2063.52,330.1632,2393.6832,TRUE,POR CONFIRMAR,FALSE,2024,SAVEIRO 1
673,2024-05-10,2024,12,4,83,,"CONSUMIBLES MANTENIMIENTO 125,000 KM",9,PZA,3264.84,3264.84,522.3744,3787.2144,TRUE,POR CONFIRMAR,FALSE,2024,SAVEIRO 1
674,2024-05-15,2024,12,19,2,,BOBINA ENCENDIDO,1,PZA,714.44,714.44,114.3104,828.7504,TRUE,POR CONFIRMAR,FALSE,2024,SAVEIRO 1
675,2024-05-15,2024,12,19,2,,CABLES PARA BUJIAS,1,PZA,768.1,768.1,122.896,890.996,TRUE,POR CONFIRMAR,FALSE,2024,SAVEIRO 1
676,2024-05-28,2024,12,11,47,,LLANTA 205/60R15,4,PZA,6206.9,6206.9,993.104,7200.004,TRUE,POR CONFIRMAR,FALSE,2024,SAVEIRO 1
677,2024-06-27,2024,12,19,9,,CUBIERTA DE USO RUDO PARA CAJUELA,1,PZA,430.17,430.17,68.8272,498.9972,TRUE,POR CONFIRMAR,FALSE,2024,SAVEIRO 1
678,2024-06-27,2024,12,19,9,,"PLUMA LIMPIAPARABRISAS 17""",1,PZA,309.48,309.48,49.5168,358.9968,TRUE,POR CONFIRMAR,FALSE,2024,SAVEIRO 1
679,2024-06-27,2024,12,19,9,,"PLUMA LIMPIAPARABRISAS 21""",1,PZA,326.72,326.72,52.2752,378.9952,TRUE,POR CONFIRMAR,FALSE,2024,SAVEIRO 1
680,2024-09-21,2024,12,11,19,,SERVICIO LLANTA RIN 14,2,SERV,172.41,172.41,27.5856,199.9956,TRUE,POR CONFIRMAR,FALSE,2024,SAVEIRO 1
681,2024-02-28,2024,18,13,81,,"MANO DE OBRA MANTENIMIENTO 240,000 KM",1,SERV,3241.36,3241.36,518.6176,3759.9776,TRUE,POR CONFIRMAR,FALSE,2024,MARCH 2
682,2024-02-28,2024,18,4,81,,"CONSUMIBLES MANTENIMIENTO 240,000 KM",15,PZA,2094.85,2094.85,335.176,2430.026,TRUE,POR CONFIRMAR,FALSE,2024,MARCH 2
683,2024-03-09,2024,18,11,19,,LLANTAS 185/60R14,2,PZA,2155.17,2155.17,344.8272,2499.9972,TRUE,POR CONFIRMAR,FALSE,2024,MARCH 2
684,2024-03-09,2024,18,19,80,,LUNA ESPEJO,1,PZA,262.5,262.5,42.0,304.5,TRUE,POR CONFIRMAR,FALSE,2024,MARCH 2
685,2024-03-11,2024,18,19,74,,KIT CLUTCH,1,PZA,3439.8,3439.8,550.368,3990.168,TRUE,POR CONFIRMAR,FALSE,2024,MARCH 2
686,2024-03-11,2024,18,19,74,,BOMBA CLUTCH,1,PZA,944.2,944.2,151.072,1095.272,TRUE,POR CONFIRMAR,FALSE,2024,MARCH 2
687,2024-03-11,2024,18,4,74,,LIQUIDO FRENOS DOT-3 900ML,1,PZA,94.3,94.3,15.088,109.388,TRUE,POR CONFIRMAR,FALSE,2024,MARCH 2
688,2024-03-11,2024,18,19,74,,BALATAS DELANTERAS,1,PZA,427.7,427.7,68.432,496.132,TRUE,POR CONFIRMAR,FALSE,2024,MARCH 2
689,2024-03-11,2024,18,4,74,,ACEITE VALVOLINE TRANSMISION DIFERENCIAL,3,PZA,431.4,431.4,69.024,500.424,TRUE,POR CONFIRMAR,FALSE,2024,MARCH 2
690,2024-03-11,2024,18,13,4,,"CAMBIO DE CLUTCH, CILINDRO MAESTRO CLUTCH, SOPORTES MOTOR, BALATAS",1,SERV,4000.0,4000.0,,4000.0,FALSE,POR CONFIRMAR,FALSE,2024,MARCH 2
691,2024-03-11,2024,18,19,84,,SOPORTES DE MOTOR Y CAJA,3,PZA,1904.0,1904.0,304.64,2208.64,TRUE,POR CONFIRMAR,FALSE,2024,MARCH 2
692,2024-05-31,2024,18,4,2,,CONSUMIBLES MANTENIMIENTO MAYOR,9,PZA,3076.71,3076.71,492.2736,3568.9836,TRUE,POR CONFIRMAR,FALSE,2024,MARCH 2
693,2024-06-01,2024,18,13,4,,MANO DE OBRA MANTENIMIENTO MAYOR Y LIMPIEZA CUERPO ACELERACION,1,SERV,2500.0,2500.0,,2500.0,FALSE,POR CONFIRMAR,FALSE,2024,MARCH 2
694,2024-02-21,2024,36,19,2,,ACUMULADOR LTH L99-400,1,PZA,1877.0,1877.0,300.32,2177.32,TRUE,POR CONFIRMAR,FALSE,2024,MARCH 1
695,2024-05-28,2024,36,4,2,,CONSUMIBLES MANTENIMIENTO MAYOR 1/2,1,PZA,1593.95,1593.95,255.032,1848.982,TRUE,POR CONFIRMAR,FALSE,2024,MARCH 1
696,2024-05-28,2024,36,4,2,,CONSUMIBLES MANTENIMIENTO MAYOR 2/2,1,PZA,1483.76,1483.76,237.4016,1721.1616,TRUE,POR CONFIRMAR,FALSE,2024,MARCH 1
697,2024-06-01,2024,36,13,4,,MANO DE OBRA MANTENIMIENTO MAYOR Y LIMPIEZA CUERPO ACELERACION,1,SERV,2500.0,2500.0,,2500.0,FALSE,POR CONFIRMAR,FALSE,2024,MARCH 1
698,2024-06-29,2024,36,11,19,,SERVICIO LLANTA RIN 15,1,SERV,94.83,94.83,15.1728,110.0028,TRUE,POR CONFIRMAR,FALSE,2024,MARCH 1
699,2024-08-07,2024,36,11,19,,LLANTA 195/60R15,1,PZA,1456.0,1456.0,232.96,1688.96,TRUE,POR CONFIRMAR,FALSE,2024,MARCH 1
700,2024-09-23,2024,36,11,19,,LLANTA 195/60R15 MAXTREK,1,PZA,1564.14,1564.14,250.2624,1814.4024,TRUE,POR CONFIRMAR,FALSE,2024,MARCH 1
701,2024-09-23,2024,36,11,19,,SERVICIO LLANTA RIN 15,1,SERV,77.59,77.59,12.4144,90.0044,TRUE,POR CONFIRMAR,FALSE,2024,MARCH 1
702,2024-09-23,2024,36,11,19,,PARCHE AL2,1,PZA,17.24,17.24,2.7584,19.9984,TRUE,POR CONFIRMAR,FALSE,2024,MARCH 1
703,2024-04-03,2024,16,19,10,,PLUMA LIMPIAPARABRISAS,2,PZA,129.32,129.32,20.6912,150.0112,TRUE,POR CONFIRMAR,FALSE,2024,VAN
704,2024-04-10,2024,16,19,7,,"CAMBIO DE TRAMO DE TUBO, GOMA Y SOPORTE MOFLE",1,PZA,2325.0,2325.0,342.94,2667.94,TRUE,POR CONFIRMAR,FALSE,2024,VAN
705,2024-05-28,2024,16,11,47,,LLANTA 195/R15,2,PZA,3793.1,3793.1,606.896,4399.996,TRUE,POR CONFIRMAR,FALSE,2024,VAN
706,2024-05-28,2024,16,11,47,,REPARACION LLANTA 195/R15,2,SERV,172.41,172.41,27.5856,199.9956,TRUE,POR CONFIRMAR,FALSE,2024,VAN
707,2024-06-05,2024,16,4,10,,CONSUMIBLES MANTENIMIENTO MAYOR,5,PZA,1732.75,1732.75,277.24,2009.99,TRUE,POR CONFIRMAR,FALSE,2024,VAN
708,2024-06-06,2024,16,4,10,,ANTICONGELANTE G/3.785 LTS,2,PZA,327.58,327.58,52.4128,379.9928,TRUE,POR CONFIRMAR,FALSE,2024,VAN
709,2024-06-06,2024,16,13,4,,MANTENIMIENTO MAYOR Y LIMPIEZA CUERPO ACELERACION,1,SERV,3000.0,3000.0,,3000.0,FALSE,POR CONFIRMAR,FALSE,2024,VAN
710,2024-06-22,2024,16,4,9,,ANTICONGELANTE G/3.785 LTS,1,PZA,171.55,171.55,27.448,198.998,TRUE,POR CONFIRMAR,FALSE,2024,VAN
711,2024-06-24,2024,16,19,71,,SOPORTES MOTOR Y CAJA,3,PZA,795.0,795.0,127.2,922.2,TRUE,POR CONFIRMAR,FALSE,2024,VAN
712,2024-07-04,2024,16,19,9,,SENSOR DE OXIGENO,2,PZA,1940.34,1940.34,310.4544,2250.7944,TRUE,POR CONFIRMAR,FALSE,2024,VAN
713,2024-09-07,2024,16,19,16,,BOMBA DE GASOLINA,1,PZA,1279.24,1279.24,204.6784,1483.9184,TRUE,POR CONFIRMAR,FALSE,2024,VAN
714,2024-10-03,2024,16,19,10,,ACUMULADOR LTH 11 PLACAS L-24-530,1,PZA,1982.76,1982.76,317.2416,2300.0016,TRUE,POR CONFIRMAR,FALSE,2024,VAN
715,2024-11-23,2024,16,11,47,,REPARACION LLANTA 195/R15,1,SERV,86.21,86.21,13.7936,100.0036,TRUE,POR CONFIRMAR,FALSE,2024,VAN
716,2024-01-25,2024,30,19,2,,ACUMULADOR,1,PZA,1985.13,1985.13,317.6208,2302.7508,TRUE,POR CONFIRMAR,FALSE,2024,SANTA FE
717,2024-01-30,2024,30,13,86,,"MANO DE OBRA MANTENIMIENTO 190,000 KM",1,SERV,1825.24,1825.24,292.0384,2117.2784,TRUE,POR CONFIRMAR,FALSE,2024,SANTA FE
718,2024-01-30,2024,30,4,86,,"CONSUMIBLES MANTENIMIENTO 190,000 KM",7,PZA,2293.72,2293.72,366.9952,2660.7152,TRUE,POR CONFIRMAR,FALSE,2024,SANTA FE
719,2024-03-09,2024,30,13,87,,REPARACION DE AIRE ACONDICIONADO,1,SERV,551.73,551.73,88.2768,640.0068,TRUE,POR CONFIRMAR,FALSE,2024,SANTA FE
720,2024-11-23,2024,30,11,47,,LLANTA 235/55R19 MAZZINI,1,PZA,2586.21,2586.21,413.7936,3000.0036,TRUE,POR CONFIRMAR,FALSE,2024,SANTA FE
721,2024-01-12,2024,9,11,19,,LLANTA 185/55R15,1,PZA,1198.28,1198.28,191.7248,1390.0048,TRUE,POR CONFIRMAR,FALSE,2024,ATTITUDE
722,2024-03-14,2024,9,13,87,,LIMPIEZA Y MANTENIMIENTO A/A,1,SERV,905.18,905.18,144.8288,1050.0088,TRUE,POR CONFIRMAR,FALSE,2024,ATTITUDE
723,2024-04-11,2024,9,13,88,,"MANO DE OBRA MANTENIMIENTO 70,000 KM",1,SERV,2059.57,2059.57,329.5312,2389.1012,TRUE,POR CONFIRMAR,FALSE,2024,ATTITUDE
724,2024-04-11,2024,9,4,88,,ACEITE DE MOTOR 5W30 1L,4,PZA,781.48,781.48,125.0368,906.5168,TRUE,POR CONFIRMAR,FALSE,2024,ATTITUDE
725,2024-04-11,2024,9,4,88,,FILTRO DE ACEITE,1,PZA,176.18,176.18,28.1888,204.3688,TRUE,POR CONFIRMAR,FALSE,2024,ATTITUDE
726,2024-05-08,2024,9,11,19,,LLANTA 185/55R15,1,PZA,1078.16,1078.16,172.5056,1250.6656,TRUE,POR CONFIRMAR,FALSE,2024,ATTITUDE
727,2024-09-23,2024,9,13,87,,REPARACION AIRE ACONDICIONADO,1,SERV,2479.47,2479.47,396.7152,2876.1852,TRUE,POR CONFIRMAR,FALSE,2024,ATTITUDE
728,2024-02-13,2024,27,13,89,,"MANO DE OBRA MANTENIMIENTO 160,000 KM",1,SERV,1460.53,1460.53,233.6848,1694.2148,TRUE,POR CONFIRMAR,FALSE,2024,RIO
729,2024-02-13,2024,27,4,89,,"CONSUMIBLES MANTENIMIENTO 160,000 KM",6,PZA,1545.38,1545.38,247.2608,1792.6408,TRUE,POR CONFIRMAR,FALSE,2024,RIO
730,2024-03-09,2024,27,11,19,,LLANTA 185/65R15 MAXTREK,1,PZA,1293.1,1293.1,206.896,1499.996,TRUE,POR CONFIRMAR,FALSE,2024,RIO
731,2024-03-09,2024,27,11,19,,SERVICIO A LLANTA RIN 15,2,SERV,258.7,258.7,41.392,300.092,TRUE,POR CONFIRMAR,FALSE,2024,RIO
732,2024-03-11,2024,27,4,74,,JUNTA DE PUNTERIAS,1,PZA,418.36,418.36,66.9376,485.2976,TRUE,POR CONFIRMAR,FALSE,2024,RIO
733,2024-03-11,2024,27,13,4,,"CAMBIO DE SOPORTES DE MOTOR, JUNTA DE PUNTERIAS",1,SERV,2000.0,2000.0,,2000.0,FALSE,POR CONFIRMAR,FALSE,2024,RIO
734,2024-03-11,2024,27,19,84,,SOPORTES DE MOTOR Y CAJA,3,PZA,2605.0,2605.0,416.8,3021.8,TRUE,POR CONFIRMAR,FALSE,2024,RIO
735,2024-04-03,2024,27,19,41,,FOCO LED,2,PZA,370.69,370.69,59.3104,430.0004,TRUE,POR CONFIRMAR,FALSE,2024,RIO
736,2024-04-03,2024,27,19,41,,FOCO LED PELLIZCO,1,PZA,25.86,25.86,4.1376,29.9976,TRUE,POR CONFIRMAR,FALSE,2024,RIO
737,2024-05-09,2024,27,13,19,,ALINEACION,1,SERV,344.83,344.83,55.1728,400.0028,TRUE,POR CONFIRMAR,FALSE,2024,RIO
738,2024-05-09,2024,27,11,19,,LLENADO DE NITROGENO A LLANTAS,4,SERV,103.45,103.45,16.552,120.002,TRUE,POR CONFIRMAR,FALSE,2024,RIO
739,2024-05-27,2024,27,13,89,,"MANO DE OBRA MANTENIMIENTO 170,000 KM",1,SERV,817.49,817.49,130.7984,948.2884,TRUE,POR CONFIRMAR,FALSE,2024,RIO
740,2024-05-27,2024,27,4,89,,"CONSUMIBLES MANTENIMIENTO 170,000 KM",4,PZA,1152.33,1152.33,184.3728,1336.7028,TRUE,POR CONFIRMAR,FALSE,2024,RIO
741,2024-06-25,2024,27,13,90,,CAMBIO DE MARCHA Y CAMBIO DE ACUMULADOR,1,SERV,850.0,850.0,136.0,986.0,TRUE,POR CONFIRMAR,FALSE,2024,RIO
742,2024-06-25,2024,27,19,90,,ACUMULADOR LTH,1,PZA,2491.38,2491.38,398.6208,2890.0008,TRUE,POR CONFIRMAR,FALSE,2024,RIO
743,2024-06-25,2024,27,19,90,,MARCHA,1,PZA,2282.75,2282.75,365.24,2647.99,TRUE,POR CONFIRMAR,FALSE,2024,RIO
744,2024-07-01,2024,27,13,89,,"MANTENIMIENTO 180,000 KM",1,SERV,1629.64,1629.64,260.7424,1890.3824,TRUE,POR CONFIRMAR,FALSE,2024,RIO
745,2024-07-01,2024,27,4,89,,"CONSUMIBLES MANTENIMIENTO 180,000",16,PZA,2690.7,2690.7,430.512,3121.212,TRUE,POR CONFIRMAR,FALSE,2024,RIO
746,2024-08-09,2024,27,13,91,,LAVADO Y ENGRASADO DE CHASIS,1,SERV,300.0,300.0,48.0,348.0,TRUE,POR CONFIRMAR,FALSE,2024,RIO
747,2024-08-12,2024,27,19,89,,BOTON DE APERTURA CAJUELA,1,PZA,1402.08,1402.08,224.3328,1626.4128,TRUE,POR CONFIRMAR,FALSE,2024,RIO
748,2024-08-16,2024,27,13,4,,CAMBIO DE BOTON DE CAJUELA Y MOTOR LIMPIAPARABRISAS,2,SERV,1000.0,1000.0,,1000.0,FALSE,POR CONFIRMAR,FALSE,2024,RIO
749,2024-09-28,2024,27,11,19,,LLANTA 185/65R15 MAXTREK,2,PZA,2594.14,2594.14,415.0624,3009.2024,TRUE,POR CONFIRMAR,FALSE,2024,RIO
750,2024-09-28,2024,27,19,19,,TERMINAL,1,PZA,387.93,387.93,62.0688,449.9988,TRUE,POR CONFIRMAR,FALSE,2024,RIO
751,2024-09-28,2024,27,13,19,,CAMBIO DE TERMINAL,1,SERV,172.41,172.41,27.5856,199.9956,TRUE,POR CONFIRMAR,FALSE,2024,RIO
752,2024-11-22,2024,27,19,79,,RADIADOR,1,PZA,2880.0,2880.0,460.8,3340.8,TRUE,POR CONFIRMAR,FALSE,2024,RIO
753,2024-11-22,2024,27,4,79,,ANTICONGELANTE LITRO,5,PZA,285.0,285.0,45.6,330.6,TRUE,POR CONFIRMAR,FALSE,2024,RIO
754,2024-11-22,2024,27,13,79,,"CAMBIO DE RADIADOR, MOTOVENTILADOR",1,SERV,2500.0,2500.0,400.0,2900.0,TRUE,POR CONFIRMAR,FALSE,2024,RIO
755,2024-11-26,2024,27,19,87,,CONDENSADOR,1,PZA,2914.31,2914.31,466.2896,3380.5996,TRUE,POR CONFIRMAR,FALSE,2024,RIO
756,2024-11-26,2024,27,4,87,,CARGA DE GAS 1 EQUIPO,1,SERV,431.03,431.03,68.9648,499.9948,TRUE,POR CONFIRMAR,FALSE,2024,RIO
757,2024-11-26,2024,27,4,87,,ACEITE 134A,4,PZA,120.68,120.68,19.3088,139.9888,TRUE,POR CONFIRMAR,FALSE,2024,RIO
758,2024-11-26,2024,27,4,87,,ORINGS EMPAQUES,1,PZA,130.0,130.0,20.8,150.8,TRUE,POR CONFIRMAR,FALSE,2024,RIO
759,2024-11-26,2024,27,13,87,,MANO DE OBRA,1,SERV,1050.0,1050.0,168.0,1218.0,TRUE,POR CONFIRMAR,FALSE,2024,RIO
760,2024-11-26,2024,27,13,87,,REPARACION SISTEMA ELECTRICO,1,SERV,500.0,500.0,80.0,580.0,TRUE,POR CONFIRMAR,FALSE,2024,RIO
761,2024-12-04,2024,27,19,2,,MOTOVENTILADOR,1,PZA,1200.0,1200.0,192.0,1392.0,TRUE,POR CONFIRMAR,FALSE,2024,RIO
762,2024-10-10,2024,32,4,92,,PINTURA Y RODILLO,1,PZA,755.18,755.18,120.8288,876.0088,TRUE,POR CONFIRMAR,FALSE,2024,CAMPER GRANDE
763,2024-04-10,2024,31,13,93,,APERTURA Y HECHURA DE LLAVE PUERTAS,2,SERV,1400.0,1400.0,224.0,1624.0,TRUE,POR CONFIRMAR,FALSE,2024,CAMPER CHICO
764,2025-06-17,2025,9,13,19,,KIT DE VÁLVULA - MONTAJE - SERVICIO DE BALANCEO - NITRÓGENO 40 PSI,4,SVOS,,1034.48,41.3792,1199.9968,TRUE,POR CONFIRMAR,FALSE,2025,ATTITUDE
765,2025-06-17,2025,9,11,19,,LLANTA 185755R15 82 V FORCELAND VITALITY F22 AUTO,4,PZA,,5091.28,203.6512,5905.8848,TRUE,POR CONFIRMAR,FALSE,2025,ATTITUDE
766,2025-06-17,2025,9,11,19,,SERVICIO DE ALINEACIÓN AUTO COMPACTO,1,SVOS,,344.83,55.1728,400.0028,TRUE,POR CONFIRMAR,FALSE,2025,ATTITUDE
767,2025-08-21,2025,9,19,2,,ACUMULADOR LTH L-35-575 GPO. 3,1,PZA,,2313.93,370.2288,2684.1588,TRUE,POR CONFIRMAR,FALSE,2025,ATTITUDE
768,2025-08-21,2025,9,19,9,,TERMINAL DE BATERÍA,1,PZA,,116.38,18.6208,135.0008,TRUE,POR CONFIRMAR,FALSE,2025,ATTITUDE
769,2025-08-23,2025,9,11,19,,SERVICIO DE LLANTA RIN 15,1,SVOS,,86.21,13.7936,100.0036,TRUE,POR CONFIRMAR,FALSE,2025,ATTITUDE
770,2025-08-23,2025,9,11,19,,PARCHE AL2,1,PZA,,25.86,4.1376,29.9976,TRUE,POR CONFIRMAR,FALSE,2025,ATTITUDE
771,2025-09-27,2025,9,13,88,,LIMPIEZA DE INYECTORES MOTOR,0.8,SVOS,,528.0,105.6,612.48,TRUE,POR CONFIRMAR,FALSE,2025,ATTITUDE
772,2025-09-27,2025,9,13,88,,"SERIVICIO 90,000 KMS",1.4554,SVOS,,960.564,105.6,1114.2542,TRUE,POR CONFIRMAR,FALSE,2025,ATTITUDE
773,2025-09-27,2025,9,13,88,,LIMPIEZA CUERPO DE ACELARACIÓN,0.99,SVOS,,494.4951,79.9184,573.6143,TRUE,POR CONFIRMAR,FALSE,2025,ATTITUDE
774,2025-09-27,2025,9,19,88,,LIQUIDO LIMPIAPARABRISAS,1,PZA,,65.11,10.4176,75.5276,TRUE,POR CONFIRMAR,FALSE,2025,ATTITUDE
775,2025-09-27,2025,9,4,88,,LIMPIADOR DE INYECTORES,1,PZA,,363.61,58.1776,421.7876,TRUE,POR CONFIRMAR,FALSE,2025,ATTITUDE
776,2025-09-27,2025,9,19,88,,FILTRO MOBI UNO ATTITUDE,1,PZA,,403.21,64.5136,467.7236,TRUE,POR CONFIRMAR,FALSE,2025,ATTITUDE
777,2025-09-27,2025,9,4,88,,ANTISULFATANTE,1,PZA,,71.37,11.4192,82.7892,TRUE,POR CONFIRMAR,FALSE,2025,ATTITUDE
778,2025-09-27,2025,9,4,88,,ACEITE 5W30 1L SEMI SINT GRIS,4,LT,,1749.52,69.9808,2029.4432,TRUE,POR CONFIRMAR,FALSE,2025,ATTITUDE
779,2025-09-27,2025,9,4,88,,LIMPIADOR CUERPO ACELARACIÓN,1,SVOS,,463.28,74.1248,537.4048,TRUE,POR CONFIRMAR,FALSE,2025,ATTITUDE
780,2025-11-14,2025,9,19,9,,"FILTRO AIRE MOTOR STP, ST90136",1,PZA,,119.8276,19.1724,139.0,TRUE,POR CONFIRMAR,FALSE,2025,ATTITUDE
781,2025-11-14,2025,9,19,9,,"FILTRO DE AIRE DE CABINA, C11766",1,PZA,,76.7241,12.2759,89.0,TRUE,POR CONFIRMAR,FALSE,2025,ATTITUDE
782,2025-07-03,2025,10,4,2,,GONHER ACEITE ATF 5 LITROS,1,PZA,,366.09,58.5744,424.6644,FALSE,POR CONFIRMAR,FALSE,2025,CHEVROLET 3500
783,2025-06-11,2025,10,13,19,,SERVICIO DE ROTACIÓN DE LLANTA RIN 16,1,SVOS,,51.72,8.2752,59.9952,TRUE,POR CONFIRMAR,FALSE,2025,CHEVROLET 3500
784,2025-06-12,2025,10,19,19,,LLANTA LT215/85R16-10C 115/112S MAZZINI,1,PZA,,3002.02,480.3232,3482.3432,TRUE,POR CONFIRMAR,FALSE,2025,CHEVROLET 3500
785,2025-06-26,2025,10,13,19,,SERVICIO DE LLANTA RIN 17 DE CARGA,1,SVOS,,129.31,20.6896,149.9996,TRUE,POR CONFIRMAR,FALSE,2025,CHEVROLET 3500
786,2025-07-15,2025,10,19,19,,VALVULA 418 ALTA AUTO/CAMIONETA,1,PZA,,43.1,6.896,49.996,TRUE,POR CONFIRMAR,FALSE,2025,CHEVROLET 3500
787,2025-07-15,2025,10,11,19,,SERVICIO DE LLANTA RIN 17 DE CARGA,1,SVOS,,129.31,20.6896,149.9996,TRUE,POR CONFIRMAR,FALSE,2025,CHEVROLET 3500
788,2025-07-15,2025,10,11,19,,LLANTA LT215/85R16-10C 115/112S MAZZINI,1,PZA,,3002.02,480.3232,3482.3432,TRUE,POR CONFIRMAR,FALSE,2025,CHEVROLET 3500
789,2025-07-24,2025,10,11,94,,SERVICIO DE VULCANIZACIÓN LLANTA R16,1,SVOS,,650.0,104.0,754.0,TRUE,POR CONFIRMAR,FALSE,2025,CHEVROLET 3500
790,2025-01-29,2025,11,12,3,,"MANGUERA OROFLEX DE 1 1/2"" X 200 FT (60.96 M)",1,PZA,13538.8489,13538.8489,2166.2158,15705.0647,TRUE,POR CONFIRMAR,FALSE,2025,COMPRESOR
791,2025-01-29,2025,11,12,3,,Extension Urrea de 1/2 pulg. X 10 pulg. de longitud,1,PZA,143.0588,143.0588,22.8894,165.9482,TRUE,POR CONFIRMAR,FALSE,2025,COMPRESOR
792,2025-01-29,2025,11,19,3,,Abrazadera con Perno T Dixon de Acero Inoxidable Serie 300 de 1.594 pulg. X 1.81 2 pulg.,1,PZA,71.6872,71.6872,11.47,83.1572,TRUE,POR CONFIRMAR,FALSE,2025,COMPRESOR
793,2025-02-06,2025,11,19,3,,"CONEXIÓN CODO 90 GRADOS PARKER LATON MACHO FLARE 45 DE 1/2"" x MACHO NPT DE 1/2""",1,PZA,117.1961,117.1961,18.7514,135.9475,TRUE,POR CONFIRMAR,FALSE,2025,COMPRESOR
794,2025-02-06,2025,11,19,3,,CONEXIÓN REUSABLE PARA MANGUERA PARKER LATÓN HEMBRA,1,PZA,126.3684,126.3684,20.2189,146.5873,TRUE,POR CONFIRMAR,FALSE,2025,COMPRESOR
795,2025-02-11,2025,1,19,95,,PLASTIACERO PASTA,1,PZA,81.9,81.9,13.104,95.004,TRUE,POR CONFIRMAR,FALSE,2025,COMPRESOR
796,2025-02-14,2025,1,12,3,,"Manguera Hidraulica Parker de 3/8 pulg. a 2250 PSI, Media Presion, SAE100R5, Flui dos Hid/Aceites/Petroleo, Cubierta Algodon, Serie 20/22/26",0.52,MT,195.2384,195.2384,16.2438,117.7678,TRUE,POR CONFIRMAR,FALSE,2025,COMPRESOR
797,2025-02-14,2025,1,19,3,,CONEXION REUSABLE HEMBRA JIC 37. 3/8 X 5/16 ID. ACERO,1,PZA,100.5051,100.5051,16.0808,116.5859,TRUE,POR CONFIRMAR,FALSE,2025,COMPRESOR
798,2025-02-14,2025,1,19,3,,Adaptador de conversion Parker de Acero Macho JIC 37 Flare de 3/8 pulg. X Hembr a Cara plana giratoria de 3/8 pulg.,1,PZA,173.2156,173.2156,27.7145,200.9301,TRUE,POR CONFIRMAR,FALSE,2025,COMPRESOR
799,2025-02-14,2025,1,19,3,,CONEXION REUSABLE MACHO NPT. 3/8 X 5/16 ID. ACERO,1,PZA,91.822,91.822,14.6915,106.5135,TRUE,POR CONFIRMAR,FALSE,2025,COMPRESOR
800,2025-02-14,2025,1,19,3,,SOLDADURA BRONCE,1,PZA,135.0,135.0,21.6,156.6,TRUE,POR CONFIRMAR,FALSE,2025,COMPRESOR
801,2025-02-14,2025,1,12,3,,"Manguera Hidraulica Parker de 1 pulg. a 800 PSI, Baja Presion, SAE100R5, Fluidos Hid/Aceites/Petroleo, Cubierta Algodon, Serie 20/22/26",1,PZA,313.024,313.024,50.0838,363.1078,TRUE,POR CONFIRMAR,FALSE,2025,COMPRESOR
802,2025-02-14,2025,1,19,3,,CONEXION REUSABLE HEMBRA JIC 37. 1 X 7/8 ID. ACERO,1,PZA,360.6292,360.6292,57.7007,418.3299,TRUE,POR CONFIRMAR,FALSE,2025,COMPRESOR
803,2025-02-14,2025,1,12,3,,MANG. PARA GASOLINA Y ACEITE MAN145,3,MT,53.55,53.55,25.704,186.354,TRUE,POR CONFIRMAR,FALSE,2025,COMPRESOR
804,2025-02-14,2025,1,19,3,,Abrazadera de Acero Inoxidable Covalca con Tornillo de 7/32 pulg. a 5/8 pulg.,2,PZA,10.7648,10.7648,3.4447,24.9743,TRUE,POR CONFIRMAR,FALSE,2025,COMPRESOR
805,2025-01-28,2025,7,11,19,,Llanta 7.50-17 10C 121/116L CENTELLA-TORNEL CR-110 (SIN CAMARA) CAMION,1,PZA,3708.62,3708.62,593.3792,4301.9992,TRUE,POR CONFIRMAR,FALSE,2025,COMPRESOR
806,2025-01-28,2025,7,11,19,,VALVULA 413 PARA AUTO / CAMIONETA,1,PAR,34.48,34.48,5.5168,39.9968,TRUE,POR CONFIRMAR,FALSE,2025,COMPRESOR
807,2025-01-28,2025,7,11,19,,SERVICIO DE LLANTA RIN 17 DE CARGA,2,SVOS,129.31,129.31,41.3792,299.9992,TRUE,POR CONFIRMAR,FALSE,2025,COMPRESOR
808,2025-02-15,2025,7,19,14,,"ACUMULADOR LTH L-65-800; FORD F-150, F-250, F-350, LOBO",1,PZA,2537.93,2537.93,406.0688,2943.9988,TRUE,POR CONFIRMAR,FALSE,2025,COMPRESOR
809,2025-01-23,2025,1,19,14,,ACUMULADOR AMERICA AM-31P-900AR SERV. PESADO,2,PZA,2525.86,2525.86,808.2752,5859.9952,TRUE,POR CONFIRMAR,FALSE,2025,COMPRESOR
810,2025-02-15,2025,7,11,19,,Llanta 7.50-17 10C 121/116L CENTELLA-TORNEL CR-110 (SIN CAMARA) CAMION,2,PZA,3509.13,3509.13,1122.9216,8141.1816,TRUE,POR CONFIRMAR,FALSE,2025,COMPRESOR
811,2025-02-15,2025,7,11,19,,VALVULA 418 ALTA AUTO / CAMIONETA,2,PAR,43.1,43.1,13.792,99.992,TRUE,POR CONFIRMAR,FALSE,2025,COMPRESOR
812,2025-02-15,2025,7,11,19,,SERVICIO DE LLANTA RIN 17 DE CARGA,2,SVOS,129.31,129.31,41.3792,299.9992,TRUE,POR CONFIRMAR,FALSE,2025,COMPRESOR
813,2025-03-11,2025,1,4,96,,ACEITE DE TRANSMISIÓN AUTOMÁTICA ATF 4.75 LTS,1,PZA,387.93,387.93,62.0688,449.9988,TRUE,POR CONFIRMAR,FALSE,2025,COMPRESOR
814,2025-03-12,2025,11,19,18,,BALERO,4,PZA,290.0,290.0,185.6,1345.6,TRUE,POR CONFIRMAR,FALSE,2025,COMPRESOR
815,2025-06-25,2025,1,19,5,,SELLO/ARANDELA,4,PZA,30.25,30.25,19.36,140.36,TRUE,POR CONFIRMAR,FALSE,2025,COMPRESOR
816,2025-06-25,2025,1,19,5,,ARANDELA DE GUARNICIÓN,4,PZA,57.25,57.25,36.64,265.64,TRUE,POR CONFIRMAR,FALSE,2025,COMPRESOR
817,2025-06-25,2025,1,19,5,,JUEGO DE ANILLOS TORICOS,4,PZA,240.25,240.25,153.76,1114.76,TRUE,POR CONFIRMAR,FALSE,2025,COMPRESOR
818,2025-06-25,2025,1,19,5,,VÁLVULA DE ESCAPE STD,4,PZA,596.25,596.25,381.6,2766.6,TRUE,POR CONFIRMAR,FALSE,2025,COMPRESOR
819,2025-06-25,2025,1,19,5,,O-RING,8,PZA,102.25,102.25,130.88,948.88,TRUE,POR CONFIRMAR,FALSE,2025,COMPRESOR
820,2025-06-25,2025,1,19,5,,JUEGO DE JUNTAS,1,PZA,6124.35,6124.35,979.896,7104.246,TRUE,POR CONFIRMAR,FALSE,2025,COMPRESOR
821,2025-08-04,2025,1,13,97,,PRUEBA HIDROSTÁTICA DE CABEZOTE,1,SVOS,689.0,689.0,110.24,799.24,TRUE,POR CONFIRMAR,FALSE,2025,COMPRESOR
822,2025-08-04,2025,1,13,97,,PRELAVADO DE CABEZOTE,1,SVOS,394.0,394.0,63.04,457.04,TRUE,POR CONFIRMAR,FALSE,2025,COMPRESOR
823,2025-08-04,2025,1,13,97,,RECTIFICACIÓN DE ASIENTOS,8,SVOS,127.0,127.0,162.56,1178.56,TRUE,POR CONFIRMAR,FALSE,2025,COMPRESOR
824,2025-08-04,2025,1,13,97,,RECTIFICACIÓN DE VÁLVULAS,4,SVOS,104.0,104.0,66.56,482.56,TRUE,POR CONFIRMAR,FALSE,2025,COMPRESOR
825,2025-08-04,2025,1,13,97,,ADAPTAR GUÍAS DE VÁLVULAS KLEIN,4,SVOS,208.0,208.0,133.12,965.12,TRUE,POR CONFIRMAR,FALSE,2025,COMPRESOR
826,2025-08-04,2025,1,13,97,,CEPILLAR CABEZOTE,1,SVOS,1307.0,1307.0,209.12,1516.12,TRUE,POR CONFIRMAR,FALSE,2025,COMPRESOR
827,2025-08-04,2025,1,13,97,,MONTAR RESORTE,1,SVOS,678.0,678.0,108.48,786.48,TRUE,POR CONFIRMAR,FALSE,2025,COMPRESOR
828,2025-08-19,2025,1,19,2,,ABRAZADERA VAR-LD-40,1,PZA,16.31,16.31,2.6096,18.9196,TRUE,POR CONFIRMAR,FALSE,2025,COMPRESOR
829,2025-08-19,2025,1,12,2,,MANGUERA FLEXIBLE GAT-2T260,1,PZA,331.4,331.4,53.024,384.424,TRUE,POR CONFIRMAR,FALSE,2025,COMPRESOR
830,2025-06-17,2025,7,13,67,,"SERVICIO RECONSTRUIR BALATA SEGMENTO 2171, JUEGO",1,SVOS,1000.0,1000.0,160.0,1160.0,TRUE,POR CONFIRMAR,FALSE,2025,COMPRESOR
831,2025-06-17,2025,7,19,67,,TAMBOR TRASERO NUEVO,2,PZA,2700.0,2700.0,864.0,6264.0,TRUE,POR CONFIRMAR,FALSE,2025,COMPRESOR
832,2025-06-17,2025,7,19,67,,KIT DE HERRAJE PARA BALATA TRASERA,2,PZA,715.0,715.0,228.8,1658.8,TRUE,POR CONFIRMAR,FALSE,2025,COMPRESOR
833,2025-06-17,2025,7,19,67,,RETEN RUEDA TRASERA,2,PZA,450.0,450.0,144.0,1044.0,TRUE,POR CONFIRMAR,FALSE,2025,COMPRESOR
834,2025-06-17,2025,7,19,67,,MISCELANEA FRENOS TORNILLOS DE MAZA,1,PZA,200.0,200.0,32.0,232.0,TRUE,POR CONFIRMAR,FALSE,2025,COMPRESOR
835,2025-06-17,2025,7,13,67,,SERVICIO A RUEDAS TRASERA,2,SVOS,400.0,400.0,128.0,928.0,TRUE,POR CONFIRMAR,FALSE,2025,COMPRESOR
836,2025-05-12,2025,11,4,98,,TABLONES P/DRILL,3,PZA,346.26,346.26,166.2048,1204.9848,FALSE,POR CONFIRMAR,FALSE,2025,COMPRESOR
837,2025-08-18,2025,1,19,14,,FILTRO ACEITE P-550779 DONALDSON (LF16243),1,PZA,316.63,316.63,50.6608,367.2908,TRUE,POR CONFIRMAR,FALSE,2025,COMPRESOR
838,2025-08-18,2025,1,19,14,,FILTRO COMB. P-550105 DONALDSON (FF105),1,PZA,120.34,120.34,19.2544,139.5944,TRUE,POR CONFIRMAR,FALSE,2025,COMPRESOR
839,2025-08-18,2025,1,19,14,,"FILTRO COMB. 33646 WIX. (ING. RAND 54468178), COMPRESOR",1,PZA,561.33,561.33,89.8128,651.1428,TRUE,POR CONFIRMAR,FALSE,2025,COMPRESOR
840,2025-08-18,2025,1,19,14,,FILTRO AIRE 49972 WIX (P-637535) XP375,2,PZA,1036.72,1036.72,331.7504,2405.1904,TRUE,POR CONFIRMAR,FALSE,2025,COMPRESOR
841,2025-08-18,2025,1,19,14,,FILTRO AIRE 49973 WIX (P-637536) XP375,2,PZA,687.91,687.91,220.1312,1595.9512,TRUE,POR CONFIRMAR,FALSE,2025,COMPRESOR
842,2025-08-18,2025,1,4,14,,"ANTICONGELANTE USO DIRECTO 33%, VERDE 19 LTS, QUAKER",1,PZA,706.9,706.9,113.104,820.004,TRUE,POR CONFIRMAR,FALSE,2025,COMPRESOR
843,2025-08-27,2025,1,19,5,,BOMBA DE AGUA,1,PZA,6133.25,6133.25,981.32,7114.57,TRUE,POR CONFIRMAR,FALSE,2025,COMPRESOR
844,2025-08-27,2025,1,19,5,,JUNTA,1,PZA,388.25,388.25,62.12,450.37,TRUE,POR CONFIRMAR,FALSE,2025,COMPRESOR
845,2025-08-27,2025,1,19,5,,ANILLO TORICO,1,PZA,90.25,90.25,14.44,104.69,TRUE,POR CONFIRMAR,FALSE,2025,COMPRESOR
846,2025-08-27,2025,1,19,5,,TAPADERA,1,PZA,4325.52,4325.52,692.0832,5017.6032,TRUE,POR CONFIRMAR,FALSE,2025,COMPRESOR
847,2025-08-27,2025,1,19,5,,JUNTA,1,PZA,61.25,61.25,9.8,71.05,TRUE,POR CONFIRMAR,FALSE,2025,COMPRESOR
848,2025-08-27,2025,1,19,5,,TORNILLO,1,PZA,27.25,27.25,4.36,31.61,TRUE,POR CONFIRMAR,FALSE,2025,COMPRESOR
849,2025-08-27,2025,1,19,5,,TORNILLO,1,PZA,83.25,83.25,13.32,96.57,TRUE,POR CONFIRMAR,FALSE,2025,COMPRESOR
850,2025-08-27,2025,1,19,5,,TAPÓN HERMÉTICO,1,PZA,247.25,247.25,39.56,286.81,TRUE,POR CONFIRMAR,FALSE,2025,COMPRESOR
851,2025-08-27,2025,1,19,5,,TAPÓN HERMÉTICO,1,PZA,168.25,168.25,26.92,195.17,TRUE,POR CONFIRMAR,FALSE,2025,COMPRESOR
852,2025-08-27,2025,1,19,5,,TAPA,1,PZA,1883.25,1883.25,301.32,2184.57,TRUE,POR CONFIRMAR,FALSE,2025,COMPRESOR
853,2025-09-09,2025,1,19,99,,ABRAZADERA DE ACERO INOXIDABLE,1,PZA,190.0,190.0,30.4,220.4,TRUE,POR CONFIRMAR,FALSE,2025,COMPRESOR
854,2025-09-09,2025,1,19,99,,"ABRAZADERA PERNO ""T"" 2.562"" I-A",2,PZA,90.0,90.0,28.8,208.8,TRUE,POR CONFIRMAR,FALSE,2025,COMPRESOR
855,2025-09-09,2025,1,12,99,,MANGUERA TWIS GS,1,PZA,483.98,483.98,77.4368,561.4168,TRUE,POR CONFIRMAR,FALSE,2025,COMPRESOR
856,2025-09-26,2025,1,19,100,,KIT MEDIA REPARACIÓN OVERHAUL PARA JOHN DEERE 4045,1,KIT,30172.4137931,30172.4138,4827.5862,35000.0,TRUE,POR CONFIRMAR,FALSE,2025,COMPRESOR
857,2025-09-26,2025,1,19,100,,BOMBA DE ACEITE PARA MOTOR JOHN DEERE 4045,1,PZA,2413.79310344,2413.7931,386.2069,2800.0,TRUE,POR CONFIRMAR,FALSE,2025,COMPRESOR
858,2025-10-15,2025,7,4,2,,ACEITE PARA TRANSMISIÓN 80W90 GL-5 GONHER 946 ML,4,PZA,82.12,82.12,52.5568,381.0368,TRUE,POR CONFIRMAR,FALSE,2025,COMPRESOR
859,2025-10-15,2025,7,4,2,,GRASA FAKTOR XT PARA BALEROS AKRON,1,PZA,105.48,105.48,16.8768,122.3568,TRUE,POR CONFIRMAR,FALSE,2025,COMPRESOR
860,2025-10-15,2025,7,4,2,,SILICÓN JUNTEX,1,PZA,77.97,77.97,12.4752,90.4452,TRUE,POR CONFIRMAR,FALSE,2025,COMPRESOR
861,2025-10-15,2025,7,4,2,,ACEITE SAE-250 GL-1 PARA DIFERENCIAL GONHER 946 ML,5,PZA,79.53,79.53,63.624,461.274,TRUE,POR CONFIRMAR,FALSE,2025,COMPRESOR
862,2025-10-06,2025,1,19,101,,"DESARMAR CABEZOTE, MANDAR A RECTIFICAR, CAMBIAR RADIADOR, QUITAR FUGAS",1,PZA,5603.44827586,5603.4483,896.5517,6500.0,FALSE,POR CONFIRMAR,FALSE,2025,COMPRESOR
863,2025-10-07,2025,1,13,97,,"RECTIFIACIÓN MOTOR, PRELAVADO DE MOTOR, ENCAMISAR CILINDROS, PRESENTAR Y CHECAR TOLERANCIAS, PULIR CIGÜEÑAL, AJUSTE DE ÁRBOL DE LEVAS, CAMBIO DE METAL Y AJUSTE DE BALANCEADOR, AJUSTE DE PASADORES",1,SVOS,11445.0,11445.0,1831.2,13276.2,TRUE,POR CONFIRMAR,FALSE,2025,COMPRESOR
864,2025-10-17,2025,1,4,2,,ACEITE DE MOTOR QUAKER 15W40 19L,1,PZA,1359.64,1359.64,217.5424,1577.1824,TRUE,POR CONFIRMAR,FALSE,2025,COMPRESOR
865,2025-10-20,2025,1,19,16,,BOMBA DIESEL UNIVERSAL 24V EXTERNA T TECNOFUEL,1,PZA,1004.4,1004.4,160.704,1165.104,TRUE,POR CONFIRMAR,FALSE,2025,COMPRESOR
866,2025-01-28,2025,1,19,6,,REVISIÓN Y CORRECCIÓN DE CABLEADO ELÉCTRICO,1,SVOS,22159.0,22159.0,3545.44,25704.44,TRUE,POR CONFIRMAR,FALSE,2025,COMPRESOR
867,2025-10-22,2025,1,19,5,,JUNTA DE CULATA,1,PZA,972.25,972.25,155.56,1127.81,TRUE,POR CONFIRMAR,FALSE,2025,COMPRESOR
868,2025-01-14,2025,2,4,96,,ACEITE MULTIGRADO A DIESEL 15W40 CUBETA 19 LTS,1,PZA,1293.1,1293.1,206.896,1499.996,FALSE,POR CONFIRMAR,FALSE,2025,GRÚA 
869,2025-02-10,2025,2,13,102,,"M.O. PRUEBA HIDROSTÁTICA DE CONTAMINACIÓN DE DIESEL AL ANTICONGELANTE REALIZANDO VARIAS PRUEBAS: DESTAPAR EL MOTOR, DESMONTAR TUBOS Y PASOS DE AGUA",1,SERV,2200.0,2200.0,352.0,2552.0,TRUE,POR CONFIRMAR,FALSE,2025,GRÚA 
870,2025-02-10,2025,2,13,102,,"M.O. BAJAR LOS 6 INYECTORES PARA SERVICIO EN LABORATORIO, CAMBIO DE LIGAS Y CALIBRACIÓN DE MOTOR, VÁLVULAS DE ESCAPE Y ADMISIÓN",1,SERV,3100.0,3100.0,496.0,3596.0,TRUE,POR CONFIRMAR,FALSE,2025,GRÚA 
871,2025-02-10,2025,2,13,102,,REPARACIÓN Y DOSIFICACIÓN DE 6 INYECTORES ELECTRÓNICOS TIPO KODIAK,6,SERV,1450.0,1450.0,232.0,8932.0,TRUE,POR CONFIRMAR,FALSE,2025,GRÚA 
872,2025-02-10,2025,2,19,102,,REPUESTOS INTERNOS,6,SERV,560.0,560.0,89.6,3449.6,TRUE,POR CONFIRMAR,FALSE,2025,GRÚA 
873,2025-02-10,2025,2,19,102,,KIT DE LIGAS EXTERIORES,6,SERV,910.0,910.0,145.6,5605.6,TRUE,POR CONFIRMAR,FALSE,2025,GRÚA 
874,2025-02-10,2025,2,19,102,,BOBINA DE INYECTORES,2,SERV,2100.0,2100.0,336.0,4536.0,TRUE,POR CONFIRMAR,FALSE,2025,GRÚA 
875,2025-02-10,2025,2,13,102,,REPARACIÓN DE ARNÉS DE INYECTORES,1,SERV,900.0,900.0,144.0,1044.0,TRUE,POR CONFIRMAR,FALSE,2025,GRÚA 
876,2025-02-10,2025,2,13,102,,"DESMONTE Y CAMBIO DE MANGAS DEL CABEZOTE EN BANCO, EXTRACCIÓN, RIMADO Y AJUSTADO",6,SERV,1500.0,1500.0,240.0,9240.0,TRUE,POR CONFIRMAR,FALSE,2025,GRÚA 
877,2025-02-10,2025,2,19,102,,KIT DE LIGAS PARA MANGAS,6,SERV,310.0,310.0,49.6,1909.6,TRUE,POR CONFIRMAR,FALSE,2025,GRÚA 
878,2025-02-10,2025,2,19,102,,MANGA DE INYECTOR,6,SERV,590.0,590.0,94.4,3634.4,TRUE,POR CONFIRMAR,FALSE,2025,GRÚA 
879,2025-02-10,2025,2,13,102,,DESMONTAR Y MONTAR COMPRESOR DE AIRE PARA CAMBIO DE SELLO DE EMPAQUES,1,SERV,2600.0,2600.0,416.0,3016.0,TRUE,POR CONFIRMAR,FALSE,2025,GRÚA 
880,2025-02-10,2025,2,19,102,,EMPAQUE DE BOMBA,1,SERV,910.0,910.0,145.6,1055.6,TRUE,POR CONFIRMAR,FALSE,2025,GRÚA 
881,2025-02-10,2025,2,19,102,,KIT DE SELLOS DE COMPRESOR,1,SERV,1260.0,1260.0,201.6,1461.6,TRUE,POR CONFIRMAR,FALSE,2025,GRÚA 
882,2025-02-10,2025,2,13,102,,"DESMONTAR Y MONTAR RADIADOR DEL MOTOR, BAJAR Y SUBIR TUBOS, BASES DEL RADIADOR Y CAMBIO DE BASES",1,SERV,1800.0,1800.0,288.0,2088.0,TRUE,POR CONFIRMAR,FALSE,2025,GRÚA 
883,2025-02-10,2025,2,13,102,,DESTUPIR Y LIMPIEZA EN RADIADORES,1,SERV,3100.0,3100.0,496.0,3596.0,TRUE,POR CONFIRMAR,FALSE,2025,GRÚA 
884,2025-02-10,2025,2,13,102,,CAMBIO DE ACEITE DE TRANSMISIÓN Y DIFERENCIAL,1,SERV,1600.0,1600.0,256.0,1856.0,TRUE,POR CONFIRMAR,FALSE,2025,GRÚA 
885,2025-02-10,2025,2,4,102,,CUBETA DE ACEITE DE TRANSMISIÓN Y DIFERENCIAL,2,SERV,2595.0,2595.0,415.2,5605.2,TRUE,POR CONFIRMAR,FALSE,2025,GRÚA 
886,2025-02-10,2025,2,13,102,,SERVICIO DE CAMBIO DE ACEITE Y FILTROS,1,SERV,1600.0,1600.0,256.0,1856.0,TRUE,POR CONFIRMAR,FALSE,2025,GRÚA 
887,2025-02-10,2025,2,19,102,,FILTROS DE ACEITE,1,SERV,3190.0,3190.0,510.4,3700.4,TRUE,POR CONFIRMAR,FALSE,2025,GRÚA 
888,2025-02-10,2025,2,4,102,,ACEITE DEL MOTOR,1,SERV,2650.0,2650.0,424.0,3074.0,TRUE,POR CONFIRMAR,FALSE,2025,GRÚA 
889,2025-02-10,2025,2,13,102,,CAMBIO DE MANGUERA,1,SERV,450.0,450.0,72.0,522.0,TRUE,POR CONFIRMAR,FALSE,2025,GRÚA 
890,2025-02-10,2025,2,12,102,,MANGUERA,1,SERV,1900.0,1900.0,304.0,2204.0,TRUE,POR CONFIRMAR,FALSE,2025,GRÚA 
891,2025-02-10,2025,2,19,102,,SOPORTES DE RADIADOR,1,SERV,900.0,900.0,144.0,1044.0,TRUE,POR CONFIRMAR,FALSE,2025,GRÚA 
892,2025-02-10,2025,2,12,102,,MANGUERA,1,SERV,1260.0,1260.0,201.6,1461.6,TRUE,POR CONFIRMAR,FALSE,2025,GRÚA 
893,2025-02-28,2025,2,11,47,,LLANTA LANDY DA 801 MIXTA 11R22.5,1,PZA,4950.0,4950.0,792.0,5742.0,FALSE,POR CONFIRMAR,FALSE,2025,GRÚA 
894,2025-03-05,2025,2,19,2,,ACEITE PARA BRAZO GONHER 85W140 CUBETA 19 LITROS,1,PZA,1655.17,1655.17,264.8272,1919.9972,TRUE,POR CONFIRMAR,FALSE,2025,GRÚA 
895,2025-03-05,2025,2,19,2,,ACEITE DE MOTOR MOTORCRAFT 15W40 CUBETA 19 LITROS,1,PZA,1442.06,1442.06,230.7296,1672.7896,TRUE,POR CONFIRMAR,FALSE,2025,GRÚA 
896,2025-03-14,2025,2,13,102,,CAMBIO DE MANGUERA,1,SERV,600.0,600.0,96.0,696.0,TRUE,POR CONFIRMAR,FALSE,2025,GRÚA 
897,2025-03-14,2025,2,13,102,,CAMBIO DE UN ROTACHAMBER.,1,SERV,500.0,500.0,80.0,580.0,TRUE,POR CONFIRMAR,FALSE,2025,GRÚA 
898,2025-03-14,2025,2,19,102,,2 CONEXIONES RAPIDAS MACHO PARA ROTACHAMBER.,1,SERV,630.0,630.0,100.8,730.8,TRUE,POR CONFIRMAR,FALSE,2025,GRÚA 
899,2025-03-14,2025,2,19,102,,CODOS DE 10/8.,1,SERV,210.0,210.0,33.6,243.6,TRUE,POR CONFIRMAR,FALSE,2025,GRÚA 
900,2025-03-14,2025,2,19,102,,CONEXIÓN TAPON HEMBRA 10.,1,SERV,321.0,321.0,51.36,372.36,TRUE,POR CONFIRMAR,FALSE,2025,GRÚA 
901,2025-03-14,2025,2,19,102,,ROTACHAMBER,1,SERV,980.0,980.0,156.8,1136.8,TRUE,POR CONFIRMAR,FALSE,2025,GRÚA 
902,2025-03-14,2025,2,12,102,,MANGUERA DE TEFLON ALTA TEMPERATURA.,1,SERV,2560.0,2560.0,409.6,2969.6,TRUE,POR CONFIRMAR,FALSE,2025,GRÚA 
903,2025-03-14,2025,2,19,102,,CONEXIONES RAPIDAS.,1,SERV,504.0,504.0,80.64,584.64,TRUE,POR CONFIRMAR,FALSE,2025,GRÚA 
904,2025-03-14,2025,2,19,102,,CONEXIÓN CODO RAPIDO.,1,SERV,405.0,405.0,64.8,469.8,TRUE,POR CONFIRMAR,FALSE,2025,GRÚA 
905,2025-03-14,2025,2,13,102,,CAMBIO DE VARIAS CONEXIONES DE PASO DE AIRE DE BAJO DE CABINA.,1,SERV,1050.0,1050.0,168.0,1218.0,TRUE,POR CONFIRMAR,FALSE,2025,GRÚA 
906,2025-02-24,2025,2,13,102,,CAMBIO DE SENSOR ICP,1,SERV,600.0,600.0,96.0,696.0,FALSE,POR CONFIRMAR,FALSE,2025,GRÚA 
907,2025-02-24,2025,2,19,102,,SENSOR ICP DEL MOTOR,1,PZA,3200.0,3200.0,512.0,3712.0,FALSE,POR CONFIRMAR,FALSE,2025,GRÚA 
908,2025-02-24,2025,2,13,102,,CORRECIÓN Y SOLDADURA DE ARNÉS DE INYECTORES DEL MOTOR,1,SERV,1600.0,1600.0,256.0,1856.0,FALSE,POR CONFIRMAR,FALSE,2025,GRÚA 
909,2025-08-28,2025,2,13,102,,"REPARACIÓN DE FUGAS DE ACEITE POR EL MOTOR, DESMONTAR Y MONTAR BOMBA DE ALTA PRESIÓN Y SELLAR LA MISMA, CAMBIO DE EMPAQUE LIGAS",1,SERV,2650.0,2650.0,424.0,3074.0,FALSE,POR CONFIRMAR,FALSE,2025,GRÚA 
910,2025-08-28,2025,2,13,102,,"DESMONTAR Y MONTAR COMPRESOR DE AIRE DEL MOTOR, DESMONTAR CONEXIONES Y ENGRANES, CAMBIO DE SELLOS DEL FRENTE Y LIGAS",1,SERV,3100.0,3100.0,496.0,3596.0,FALSE,POR CONFIRMAR,FALSE,2025,GRÚA 
911,2025-08-28,2025,2,13,102,,"CAMBIO DE MANGUERA DE COMPRESOR DE AIRE TIPO METAL, CONEXIÓN DE ALTA TEMPERATURA",1,SERV,940.0,940.0,150.4,1090.4,FALSE,POR CONFIRMAR,FALSE,2025,GRÚA 
912,2025-08-28,2025,2,13,102,,"SERVICIO ELÉCTRICO, REVISIÓN DE LUCES TRASERAS, DELANTERAS, CUARTOS, DIRECCIONALES, LUCES LATERALES, CAMBIO DE 5 PLAFONES, CAMBIO DE 2 FAROS DELANTEROS, DESMONTAR Y MONTAR VOLANTE, CAMBIO DE CONTROL DE LUCES, ARNES COMPLETO, CAMBIO DE 2 LÁMPARAS",1,SERV,3200.0,3200.0,512.0,3712.0,FALSE,POR CONFIRMAR,FALSE,2025,GRÚA 
913,2025-08-28,2025,2,19,102,,5 ZEPELINES DE CABINA COMPLETOS,5,PZA,298.0,298.0,47.68,1537.68,FALSE,POR CONFIRMAR,FALSE,2025,GRÚA 
914,2025-08-28,2025,2,19,102,,2 FAROS DELANTEROS TIPO LED,2,PZA,790.0,790.0,126.4,1706.4,FALSE,POR CONFIRMAR,FALSE,2025,GRÚA 
915,2025-08-28,2025,2,19,102,,"ARNÉS DISTRIBUIDOR DE CORRIENTE, REPARACIÓN Y SOLDADURA",1,SERV,1690.0,1690.0,270.4,1960.4,FALSE,POR CONFIRMAR,FALSE,2025,GRÚA 
916,2025-08-28,2025,2,12,102,,MANGUERA DE PASO DE AIRE PARA TEMPERATURA,1,PZA,2490.0,2490.0,398.4,2888.4,FALSE,POR CONFIRMAR,FALSE,2025,GRÚA 
917,2025-08-28,2025,2,19,102,,CONEXIÓN PASO DE AIRE,3,PZA,330.0,330.0,52.8,1042.8,FALSE,POR CONFIRMAR,FALSE,2025,GRÚA 
918,2025-08-28,2025,2,19,102,,"REPARACIÓN DE COMPRESOR TIPO CATERPILLAR, 2 PISTONES",1,SERV,3100.0,3100.0,496.0,3596.0,FALSE,POR CONFIRMAR,FALSE,2025,GRÚA 
919,2025-08-28,2025,2,19,102,,KIT DE ANILLOS PARA PISTÓN COMPRESOR STD,2,PZA,725.0,725.0,116.0,1566.0,FALSE,POR CONFIRMAR,FALSE,2025,GRÚA 
920,2025-08-28,2025,2,13,102,,ENCAMISADO DE 2 CILINDROS COMPRESOR,1,SERV,900.0,900.0,144.0,1044.0,FALSE,POR CONFIRMAR,FALSE,2025,GRÚA 
921,2025-08-28,2025,2,19,102,,2 CAMISAS CILINDRO,2,PZA,615.0,615.0,98.4,1328.4,FALSE,POR CONFIRMAR,FALSE,2025,GRÚA 
922,2025-08-28,2025,2,19,102,,KIT DE REPARACIÓN COMPRESOR,1,PZA,1890.0,1890.0,302.4,2192.4,FALSE,POR CONFIRMAR,FALSE,2025,GRÚA 
923,2025-09-27,2025,2,13,6,,DESARMADO Y ARMADO DE CILINDRO,1,PZA,1293.10344827,1293.1034,206.8966,1500.0,TRUE,POR CONFIRMAR,FALSE,2025,GRÚA 
924,2025-09-27,2025,2,13,6,,CORREGIR PUNTO DE FUGA,1,PZA,1293.10344827,1293.1034,206.8966,1500.0,TRUE,POR CONFIRMAR,FALSE,2025,GRÚA 
925,2025-09-27,2025,2,19,6,,CAMBIO DE SELLO,1,PZA,517.24137931,517.2414,82.7586,600.0,TRUE,POR CONFIRMAR,FALSE,2025,GRÚA 
926,2025-02-17,2025,18,11,19,,PARCHE AL2,2,PAR,25.86,25.86,4.1376,55.8576,TRUE,POR CONFIRMAR,FALSE,2025,MARCH 02
927,2025-03-10,2025,18,4,79,,ACEITE 15W 40 MINERAL,1,PZA,1029.34,1029.34,164.6944,1194.0344,TRUE,POR CONFIRMAR,FALSE,2025,MARCH 02
928,2025-03-10,2025,18,19,79,,BUJIAS,4,PZA,75.13,75.13,12.0208,312.5408,TRUE,POR CONFIRMAR,FALSE,2025,MARCH 02
929,2025-03-10,2025,18,19,79,,FILTRO DE ACEITE,1,PZA,94.82,94.82,15.1712,109.9912,TRUE,POR CONFIRMAR,FALSE,2025,MARCH 02
930,2025-03-10,2025,18,19,79,,FILTRO DE AIRE,1,PZA,123.75,123.75,19.8,143.55,TRUE,POR CONFIRMAR,FALSE,2025,MARCH 02
931,2025-03-10,2025,18,19,79,,BOMBA DE GASOLINA,1,PZA,2527.96,2527.96,404.4736,2932.4336,TRUE,POR CONFIRMAR,FALSE,2025,MARCH 02
932,2025-03-10,2025,18,19,79,,BOMBA DE CLUTCH,1,PZA,588.2,588.2,94.112,682.312,TRUE,POR CONFIRMAR,FALSE,2025,MARCH 02
933,2025-03-10,2025,18,19,79,,BANDA MICRO V,1,PZA,480.52,480.52,76.8832,557.4032,TRUE,POR CONFIRMAR,FALSE,2025,MARCH 02
934,2025-03-10,2025,18,4,79,,LIQUIDO HIDRÁULICO,1,PZA,180.0,180.0,28.8,208.8,TRUE,POR CONFIRMAR,FALSE,2025,MARCH 02
935,2025-03-10,2025,18,19,79,,SOLVENTES DE LIMPIEZA,1,PZA,120.0,120.0,19.2,139.2,TRUE,POR CONFIRMAR,FALSE,2025,MARCH 02
936,2025-03-10,2025,18,19,79,,BATERÍA LTH,1,PZA,2841.3,2841.3,454.608,3295.908,TRUE,POR CONFIRMAR,FALSE,2025,MARCH 02
937,2025-03-10,2025,18,13,79,,SERVICIO MAYOR,1,SVOS,650.0,650.0,104.0,754.0,TRUE,POR CONFIRMAR,FALSE,2025,MARCH 02
938,2025-03-10,2025,18,13,79,,CAMBIO DE BANDA MICRO,1,SVOS,450.0,450.0,72.0,522.0,TRUE,POR CONFIRMAR,FALSE,2025,MARCH 02
939,2025-03-10,2025,18,13,79,,CAMBIO DE BOMBA DE GASOLINA,1,SVOS,990.0,990.0,158.4,1148.4,TRUE,POR CONFIRMAR,FALSE,2025,MARCH 02
940,2025-03-10,2025,18,13,79,,CAMBIO DE BOMBA DE CLUTCH,1,SVOS,1100.0,1100.0,176.0,1276.0,TRUE,POR CONFIRMAR,FALSE,2025,MARCH 02
941,2025-07-26,2025,18,19,79,,CAJA DE DIRECCIÓN,1,PZA,2552.21,2552.21,408.3536,2960.5636,TRUE,POR CONFIRMAR,FALSE,2025,MARCH 02
942,2025-07-26,2025,18,19,79,,BASE AMORTIGUADOR DELANTERO,2,PZA,422.12,422.12,67.5392,911.7792,TRUE,POR CONFIRMAR,FALSE,2025,MARCH 02
943,2025-07-26,2025,18,19,79,,AMORTIGUADOR DELANTERO,2,PZA,2308.03,2308.03,369.2848,4985.3448,TRUE,POR CONFIRMAR,FALSE,2025,MARCH 02
944,2025-07-26,2025,18,19,79,,HORQUILLAS,2,PZA,1388.455,1388.455,222.1528,2999.0628,TRUE,POR CONFIRMAR,FALSE,2025,MARCH 02
945,2025-07-26,2025,18,13,79,,CAMBIO DE CAJA DE DIRECCIÓN,1,SVOS,1800.0,1800.0,288.0,2088.0,TRUE,POR CONFIRMAR,FALSE,2025,MARCH 02
946,2025-07-26,2025,18,13,79,,CAMBIO DE AMORTIGUADORES Y BASES (2),1,SVOS,800.0,800.0,128.0,928.0,TRUE,POR CONFIRMAR,FALSE,2025,MARCH 02
947,2025-07-26,2025,18,13,79,,CAMBIO DE HORQUILLAS (2),1,SVOS,900.0,900.0,144.0,1044.0,TRUE,POR CONFIRMAR,FALSE,2025,MARCH 02
948,2025-07-26,2025,18,4,79,,ACEITE 15W 40 MINERAL,1,PZA,1029.34,1029.34,164.6944,1194.0344,TRUE,POR CONFIRMAR,FALSE,2025,MARCH 02
949,2025-07-26,2025,18,19,79,,BUJIAS,4,PZA,75.13,75.13,12.0208,312.5408,TRUE,POR CONFIRMAR,FALSE,2025,MARCH 02
950,2025-07-26,2025,18,4,79,,FILTRO DE ACEITE,1,PZA,94.82,94.82,15.1712,109.9912,TRUE,POR CONFIRMAR,FALSE,2025,MARCH 02
951,2025-07-26,2025,18,19,79,,FILTRO DE AIRE,1,PZA,123.75,123.75,19.8,143.55,TRUE,POR CONFIRMAR,FALSE,2025,MARCH 02
952,2025-07-26,2025,18,4,79,,SOLVENTE DE LIMPIEZA,1,PZA,120.0,120.0,19.2,139.2,TRUE,POR CONFIRMAR,FALSE,2025,MARCH 02
953,2025-07-26,2025,18,13,79,,SERVICIO AFINACIÓN MAYOR,1,SVOS,650.0,650.0,104.0,754.0,TRUE,POR CONFIRMAR,FALSE,2025,MARCH 02
954,2025-01-30,2025,20,9,95,[EMPLEADO INTERNO],"Dado de 6 puntas, cuadro 1/2' de 16mm D-1216-M Truper",1,PZA,31.9,31.9,5.104,37.004,TRUE,POR CONFIRMAR,FALSE,2025,MISCELÁNEOS
955,2025-01-29,2025,20,9,78,[EMPLEADO INTERNO],"VALVULA INFLADOR CABEZA DOBLE, CU",1,PZA,82.7627,82.7627,13.242,96.0047,TRUE,POR CONFIRMAR,FALSE,2025,MISCELÁNEOS
956,2025-01-29,2025,20,9,78,[EMPLEADO INTERNO],"EXTENSIÓN DE 10' PARA MATRACA, PAR",1,PZA,118.972,118.972,19.0355,138.0075,TRUE,POR CONFIRMAR,FALSE,2025,MISCELÁNEOS
957,2025-06-04,2025,20,9,78,[BENEFICIARIO INTERNO],"LLAVE COMBINADA EXTRALARGA, 15/16 x 338 mm",1,PZA,27.91,27.91,4.4656,32.3756,TRUE,POR CONFIRMAR,FALSE,2025,MISCELÁNEOS
958,2025-06-04,2025,20,9,78,[BENEFICIARIO INTERNO],"LLAVE COMBINADA EXTRALARGA, 1"" x 371 mm",1,PZA,32.41,32.41,5.1856,37.5956,TRUE,POR CONFIRMAR,FALSE,2025,MISCELÁNEOS
959,2025-06-04,2025,20,9,78,[BENEFICIARIO INTERNO],"LLAVE PARA TUBO STILSON DE ALUMINIO 18""",1,PZA,107.59,107.59,17.2144,124.8044,TRUE,POR CONFIRMAR,FALSE,2025,MISCELÁNEOS
960,2025-08-02,2025,20,14,103,[BENEFICIARIO INTERNO],BORRADOR Y LIMPIADOR PARA PIZARRÓN,1,PZA,149.0,149.0,23.84,172.84,TRUE,POR CONFIRMAR,FALSE,2025,MISCELÁNEOS
961,2025-08-02,2025,20,14,103,MAQUINARIA,"BOLÍGRAFO MARCA OFFICA DEPOT, PACK 6 PZAS",1,PZA,49.0,49.0,7.84,56.84,TRUE,POR CONFIRMAR,FALSE,2025,MISCELÁNEOS
962,2025-08-02,2025,20,14,103,[BENEFICIARIO INTERNO],TABLA CON CLIP COLOR NEGRO,1,PZA,47.0,47.0,7.52,54.52,TRUE,POR CONFIRMAR,FALSE,2025,MISCELÁNEOS
963,2025-08-02,2025,20,14,103,[BENEFICIARIO INTERNO],TABLA CON CLIP COLOR ROJO,1,PZA,47.0,47.0,7.52,54.52,TRUE,POR CONFIRMAR,FALSE,2025,MISCELÁNEOS
964,2025-08-02,2025,20,14,103,[EMPLEADO INTERNO],BLOCK DE CONCEPTO 4 COLUMNAS VERDE,1,PZA,89.0,89.0,14.24,103.24,TRUE,POR CONFIRMAR,FALSE,2025,MISCELÁNEOS
965,2025-08-02,2025,20,14,103,[BENEFICIARIO INTERNO],PAPEL CARBÓN,1,PZA,239.0,239.0,38.24,277.24,TRUE,POR CONFIRMAR,FALSE,2025,MISCELÁNEOS
966,2025-08-02,2025,20,14,103,[BENEFICIARIO INTERNO],LAPICERA TCH PIEL VEGANA COLOR NEGRO,1,PZA,69.0,69.0,11.04,80.04,TRUE,POR CONFIRMAR,FALSE,2025,MISCELÁNEOS
967,2025-08-02,2025,20,14,103,[BENEFICIARIO INTERNO],CABLE USB-C,1,PZA,185.0,185.0,29.6,214.6,TRUE,POR CONFIRMAR,FALSE,2025,MISCELÁNEOS
968,2025-08-02,2025,20,14,103,[BENEFICIARIO INTERNO],LIBRO BITÁCORA 30 JUEGOS MCA OFFICE DEPOT AZUL,1,PZA,199.0,199.0,31.84,230.84,TRUE,POR CONFIRMAR,FALSE,2025,MISCELÁNEOS
969,2025-07-25,2025,20,7,78,[BENEFICIARIO INTERNO],PEPE SELLADOR ACRILICO BLANCO 300 ML,1,PZA,112.92,112.92,18.0672,130.9872,TRUE,POR CONFIRMAR,FALSE,2025,MISCELÁNEOS
970,2025-07-25,2025,20,7,92,[BENEFICIARIO INTERNO],GALÓN PINTURA 126 GRIS CLARO,1,PZA,962.069,962.069,153.931,1116.0,TRUE,POR CONFIRMAR,FALSE,2025,MISCELÁNEOS
971,2025-07-25,2025,20,7,92,[BENEFICIARIO INTERNO],AGUARRÁS SINTÉTICO CON ENVASE PET HUMO,1,PZA,361.207,361.207,57.7931,419.0001,TRUE,POR CONFIRMAR,FALSE,2025,MISCELÁNEOS
972,2025-07-25,2025,20,7,92,[BENEFICIARIO INTERNO],"REPUESTO RODILLO NYLON 4""",2,PZA,30.172414,30.1724,9.6552,70.0,TRUE,POR CONFIRMAR,FALSE,2025,MISCELÁNEOS
973,2025-08-02,2025,20,9,78,[EMPLEADO INTERNO],"MALETA FLEXIBLE PORTAHERRAMIENTAS 20"" TRUPER",1,PZA,337.64,337.64,54.0224,391.6624,TRUE,POR CONFIRMAR,FALSE,2025,MISCELÁNEOS
974,2025-08-02,2025,20,9,78,[EMPLEADO INTERNO],GUANTES DE POLIAMIDA RECUBIERTOS DE NITRILO,1,PZA,77.3,77.3,12.368,89.668,TRUE,POR CONFIRMAR,FALSE,2025,MISCELÁNEOS
975,2025-07-25,2025,20,7,92,[BENEFICIARIO INTERNO],GALÓN PINTURA 126 GRIS CLARO,1,PZA,962.069,962.069,153.931,1116.0,TRUE,POR CONFIRMAR,FALSE,2025,MISCELÁNEOS
976,2025-07-25,2025,20,7,104,[BENEFICIARIO INTERNO],MATERIALES P/PINTURA CANALIZACIONES,1,PZA,702.13,702.13,112.3408,814.4708,FALSE,POR CONFIRMAR,FALSE,2025,MISCELÁNEOS
977,2025-03-28,2025,20,6,105,MAQUINARIA,"LONA  USO RUDO, VERDE OLIVO 2 X 3 M, TRUPER EXPERT",1,PZA,199.0,199.0,31.84,230.84,FALSE,POR CONFIRMAR,FALSE,2025,MISCELÁNEOS
978,2025-03-29,2025,20,9,78,ARCHIE,MANGO DE REPUESTO PARA MARRO DE 4 LBS,1,PZA,31.04,31.04,4.9664,36.0064,TRUE,POR CONFIRMAR,FALSE,2025,MISCELÁNEOS
979,2025-03-29,2025,20,9,78,[BENEFICIARIO INTERNO],"MARRO OCTAGONAL 4 LBS, MANGO DE FIBRA DE VIDRIO",1,PZA,206.89,206.89,33.1024,239.9924,TRUE,POR CONFIRMAR,FALSE,2025,MISCELÁNEOS
980,2025-05-28,2025,20,9,78,[BENEFICIARIO INTERNO],"CABLES PASACORRIENTE, 3.5 M, CALIBRE 6 AWG",1,PZA,274.42,274.42,43.9072,318.3272,TRUE,POR CONFIRMAR,FALSE,2025,MISCELÁNEOS
981,2025-05-28,2025,20,9,78,ARCHIE,EMBUDO PLÁSTICO CUELLO RÍGIDO DE 250 ML,2,PZA,10.36,10.36,3.3152,24.0352,TRUE,POR CONFIRMAR,FALSE,2025,MISCELÁNEOS
982,2025-05-28,2025,20,9,78,VÍCTOR,EMBUDO PLÁSTICO 500 ML CUELLO FLEXIBLE,2,PZA,29.59,29.59,9.4688,68.6488,TRUE,POR CONFIRMAR,FALSE,2025,MISCELÁNEOS
983,2025-06-10,2025,20,9,78,MAQUINARIA,"CONECTOR ""Y"" DE ALUMINIO, ENTRADA 3/4""",1,PZA,53.44,53.44,8.5504,61.9904,TRUE,POR CONFIRMAR,FALSE,2025,MISCELÁNEOS
984,2025-06-10,2025,20,9,78,MAQUINARIA,"LIMA ESCOFINA, 6"" CON MANGO DOBLE INYECCIÓN",1,PZA,71.55,71.55,11.448,82.998,TRUE,POR CONFIRMAR,FALSE,2025,MISCELÁNEOS
985,2025-06-10,2025,20,9,78,MAQUINARIA,"LIMA TRIÁNGULO PESADO, 8"" CON MANGO DOBLE INYECCIÓN",1,PZA,53.44,53.44,8.5504,61.9904,TRUE,POR CONFIRMAR,FALSE,2025,MISCELÁNEOS
986,2025-06-10,2025,20,9,78,MAQUINARIA,"LLAVE COMBINADA EXTRALARGA, 1-1/8"" X 404 MM",1,PZA,262.35,262.35,41.976,304.326,TRUE,POR CONFIRMAR,FALSE,2025,MISCELÁNEOS
987,2025-06-16,2025,20,9,78,[BENEFICIARIO INTERNO],"DADO DE 6 PUNTAS, CUADRO 3/4"" DE 1 1/2""",1,PZA,37.47,37.47,5.9952,43.4652,TRUE,POR CONFIRMAR,FALSE,2025,MISCELÁNEOS
988,2025-06-16,2025,20,9,78,[BENEFICIARIO INTERNO],"DADO DE 6 PUNTAS, CUADRO 3/4"" DE 1 1/4""",1,PZA,26.16,26.16,4.1856,30.3456,TRUE,POR CONFIRMAR,FALSE,2025,MISCELÁNEOS
989,2025-06-16,2025,20,9,78,[BENEFICIARIO INTERNO],"EXTENSIÓN DE 8"" PARA MATRACA, PARA DADOS CUADR0 3/4""",1,PZA,45.29,45.29,7.2464,52.5364,TRUE,POR CONFIRMAR,FALSE,2025,MISCELÁNEOS
990,2025-06-16,2025,20,9,78,[BENEFICIARIO INTERNO],DESENGRASANTE 18 OZ,1,PZA,25.11,25.11,4.0176,29.1276,TRUE,POR CONFIRMAR,FALSE,2025,MISCELÁNEOS
991,2025-06-16,2025,20,9,78,[BENEFICIARIO INTERNO],"IMÁN EXTENSIBLE, FLEXIBLE DE ACERO CON LED, 3.4 KG",1,PZA,12.37,12.37,1.9792,14.3492,TRUE,POR CONFIRMAR,FALSE,2025,MISCELÁNEOS
992,2025-06-16,2025,20,9,78,[BENEFICIARIO INTERNO],"IMÁN EXTENSIBLE DE ACERO INOXIDABLE, 3.6 KG",1,PZA,9.79,9.79,1.5664,11.3564,TRUE,POR CONFIRMAR,FALSE,2025,MISCELÁNEOS
993,2025-06-16,2025,20,9,78,[BENEFICIARIO INTERNO],LIMPIADOR DE MOTOR DESENGRASANTE,1,PZA,15.46,15.46,2.4736,17.9336,TRUE,POR CONFIRMAR,FALSE,2025,MISCELÁNEOS
994,2025-06-09,2025,20,9,9,MAQUINARIA,TOALLA DESECHABLE AZÚL,4,PZA,90.1,90.1,57.664,418.064,TRUE,POR CONFIRMAR,FALSE,2025,MISCELÁNEOS
995,2025-05-16,2025,20,7,106,[BENEFICIARIO INTERNO],PINTURA MULTITONO PRO VINÍLICA,1,PZA,1651.43,1651.43,264.2288,1915.6588,TRUE,POR CONFIRMAR,FALSE,2025,MISCELÁNEOS
996,2025-04-28,2025,20,17,,[BENEFICIARIO INTERNO],PRÉSTAMO,1,SVOS,8620.689655,8620.6897,1379.3103,10000.0,FALSE,POR CONFIRMAR,FALSE,2025,MISCELÁNEOS
997,2025-05-12,2025,20,17,,[BENEFICIARIO INTERNO],PRÉSTAMO,1,SVOS,17241.3793103,17241.3793,2758.6207,20000.0,FALSE,POR CONFIRMAR,FALSE,2025,MISCELÁNEOS
998,2025-05-17,2025,20,17,,[BENEFICIARIO INTERNO],PRÉSTAMO,1,SVOS,8620.69,8620.69,1379.3104,10000.0004,FALSE,POR CONFIRMAR,FALSE,2025,MISCELÁNEOS
999,2025-05-22,2025,20,17,,[BENEFICIARIO INTERNO],PRÉSTAMO,1,SVOS,3663.79310344,3663.7931,586.2069,4250.0,FALSE,POR CONFIRMAR,FALSE,2025,MISCELÁNEOS
1000,2025-04-17,2025,20,5,102,[BENEFICIARIO INTERNO],SOLDADURA Y ALINEACIÓN BOMBA R2,1,SVOS,431.034482758,431.0345,68.9655,500.0,FALSE,POR CONFIRMAR,FALSE,2025,MISCELÁNEOS
1001,2025-04-17,2025,20,5,102,[EMPLEADO INTERNO],SOLDAR LLAVE,1,SVOS,86.2068965517,86.2069,13.7931,100.0,FALSE,POR CONFIRMAR,FALSE,2025,MISCELÁNEOS
1002,2025-04-17,2025,20,5,102,[BENEFICIARIO INTERNO],ENDEREZAR DEFENSA KIA RÍO,1,SVOS,1293.10344827,1293.1034,206.8966,1500.0,FALSE,POR CONFIRMAR,FALSE,2025,MISCELÁNEOS
1003,2025-04-17,2025,20,5,102,[BENEFICIARIO INTERNO],SOLDAR PIEZAS SALIDA MOFLE Z3,1,SVOS,862.068965517,862.069,137.931,1000.0,FALSE,POR CONFIRMAR,FALSE,2025,MISCELÁNEOS
1004,2025-08-27,2025,20,9,78,[EMPLEADO INTERNO],BOLSA DE 1/2 KG DE ESTOPA COLOR BL,1,PZA,24.353,24.353,3.8965,28.2495,TRUE,POR CONFIRMAR,FALSE,2025,MISCELÁNEOS
1005,2025-08-27,2025,20,9,78,[EMPLEADO INTERNO],"Dado de 6 puntas, cuadro 1/2' de 1-1",1,PZA,77.30271127,77.3027,12.3684,89.6711,TRUE,POR CONFIRMAR,FALSE,2025,MISCELÁNEOS
1006,2025-05-14,2025,20,19,78,[BENEFICIARIO INTERNO],"RODILLO PARA PINTAR, FELPA 9 X 1-1/4"", EXTRA RUGOSA",1,PZA,46.83,46.83,7.4928,54.3228,TRUE,POR CONFIRMAR,FALSE,2025,MISCELÁNEOS
1007,2025-05-14,2025,20,19,78,[BENEFICIARIO INTERNO],"EXTENSIÓN DE ACERO PARA RODILLO, 3 M",1,PZA,71.55,71.55,11.448,82.998,TRUE,POR CONFIRMAR,FALSE,2025,MISCELÁNEOS
1008,2025-05-21,2025,20,19,78,[BENEFICIARIO INTERNO],"ESPÁTULA PLÁSTICA, 2""",1,PZA,7.75,7.75,1.24,8.99,TRUE,POR CONFIRMAR,FALSE,2025,MISCELÁNEOS
1009,2025-05-21,2025,20,19,78,[BENEFICIARIO INTERNO],"ESPÁTULA PLÁSTICA, 3""",3,PZA,8.62,8.62,4.1376,29.9976,TRUE,POR CONFIRMAR,FALSE,2025,MISCELÁNEOS
1010,2025-05-21,2025,20,19,78,[BENEFICIARIO INTERNO],"FRANELA ROJA, PAÑO DE 1 M X 50 CM",2,PZA,17.81,17.81,5.6992,41.3192,TRUE,POR CONFIRMAR,FALSE,2025,MISCELÁNEOS
1011,2025-05-21,2025,20,19,78,[BENEFICIARIO INTERNO],FIBRA ESPONJA HOGAR NO RAYA,3,PZA,22.8,22.8,10.944,79.344,TRUE,POR CONFIRMAR,FALSE,2025,MISCELÁNEOS
1012,2025-04-03,2025,20,6,109,[BENEFICIARIO INTERNO],TERMO 5 GALONES,2,PZA,784.01,784.01,250.8832,1818.9032,TRUE,POR CONFIRMAR,FALSE,2025,MISCELÁNEOS
1013,2025-04-03,2025,20,6,109,[BENEFICIARIO INTERNO],SOMBRILLA NAÚTICA,1,PZA,440.07,440.07,70.4112,510.4812,TRUE,POR CONFIRMAR,FALSE,2025,MISCELÁNEOS
1014,2025-04-03,2025,20,6,109,[BENEFICIARIO INTERNO],JARRA DEPORTIVA,3,PZA,704.64,704.64,338.2272,2452.1472,TRUE,POR CONFIRMAR,FALSE,2025,MISCELÁNEOS
1015,2025-05-27,2025,20,6,109,[BENEFICIARIO INTERNO],TOLDO,1,PZA,2027.48,2027.48,324.3968,2351.8768,TRUE,POR CONFIRMAR,FALSE,2025,MISCELÁNEOS
1016,2025-05-27,2025,20,6,109,[BENEFICIARIO INTERNO],60 QT COOLER,1,PZA,1586.54,1586.54,253.8464,1840.3864,TRUE,POR CONFIRMAR,FALSE,2025,MISCELÁNEOS
1017,2025-05-13,2025,20,19,106,[BENEFICIARIO INTERNO],SELLADOR ACRÍLICO 4 LTS,1,PZA,818.1,818.1,130.896,948.996,TRUE,POR CONFIRMAR,FALSE,2025,MISCELÁNEOS
1018,2025-05-13,2025,20,19,106,[BENEFICIARIO INTERNO],"FELPA BYP 9"" ALTA DENSIDAD 1"" PROFESIONAL",2,PZA,36.37,36.37,11.6384,84.3784,TRUE,POR CONFIRMAR,FALSE,2025,MISCELÁNEOS
1019,2025-05-13,2025,20,19,106,[BENEFICIARIO INTERNO],MULTITONO PRO 4701-510101 VINÍLICAS,1,CBTA,1651.43,1651.43,264.2288,1915.6588,TRUE,POR CONFIRMAR,FALSE,2025,MISCELÁNEOS
1020,2025-05-09,2025,20,19,78,[BENEFICIARIO INTERNO],"CARDA DE COPA 3"" ALAMBRE ONDULADO FINO (PARA ANDAMIOS [INTERNO])",1,PZA,77.3,77.3,12.368,89.668,TRUE,POR CONFIRMAR,FALSE,2025,MISCELÁNEOS
1021,2025-04-21,2025,20,19,78,[BENEFICIARIO INTERNO],"REPUESTO PARA RODILLO PARA PINTAR, FELPA 9 X 1-1/4""",2,PZA,27.01,27.01,8.6432,62.6632,TRUE,POR CONFIRMAR,FALSE,2025,MISCELÁNEOS
1022,2025-04-29,2025,20,19,78,[BENEFICIARIO INTERNO],"REPUESTO PARA RODILLO PARA PINTAR, FELPA 9 X 1-1/4""",2,PZA,27.01,27.01,8.6432,62.6632,TRUE,POR CONFIRMAR,FALSE,2025,MISCELÁNEOS
1023,2025-04-29,2025,20,19,78,[BENEFICIARIO INTERNO],"REPUESTO PARA RODILLO PARA PINTAR, FELPA 9 X 1""",2,PZA,26.15,26.15,8.368,60.668,TRUE,POR CONFIRMAR,FALSE,2025,MISCELÁNEOS
1024,2025-04-29,2025,20,19,106,[BENEFICIARIO INTERNO],RESANADOR MURO PRESTO FILLER 946 ML,1,LT,143.2,143.2,22.912,166.112,TRUE,POR CONFIRMAR,FALSE,2025,MISCELÁNEOS
1025,2025-04-29,2025,20,19,106,[BENEFICIARIO INTERNO],SELLADOR ACRÍLICO 4 LTS,1,GAL,909.0,909.0,145.44,1054.44,TRUE,POR CONFIRMAR,FALSE,2025,MISCELÁNEOS
1026,2025-04-29,2025,20,19,106,[BENEFICIARIO INTERNO],MULTITONO PRO 4701-542701 VINÍLICAS,1,CBTA,1651.43,1651.43,264.2288,1915.6588,TRUE,POR CONFIRMAR,FALSE,2025,MISCELÁNEOS
1027,2025-09-02,2025,20,9,78,[EMPLEADO INTERNO],MINI SOPLETE RECARGABLE CON ENCENDIDO ELECTRÓNICO,1,PZA,259.48,259.48,41.5168,300.9968,TRUE,POR CONFIRMAR,FALSE,2025,MISCELÁNEOS
1028,2025-09-02,2025,20,9,78,VÍCTOR,"ACEITERA DE PIPETA FLEXIBLE, 500 ML",1,PZA,87.64,87.64,14.0224,101.6624,TRUE,POR CONFIRMAR,FALSE,2025,MISCELÁNEOS
1029,2025-09-02,2025,20,9,78,VÍCTOR,"GRASERA INDUSTRIAL, 14 OZ, 6,000 LBS/PULG 2",1,PZA,288.78,288.78,46.2048,334.9848,TRUE,POR CONFIRMAR,FALSE,2025,MISCELÁNEOS
1030,2025-09-03,2025,20,9,78,[EMPLEADO INTERNO],"LATA DE GAS BUTANO PARA ENCENDEDOR , 125 ML",1,PZA,35.91,35.91,5.7456,41.6556,TRUE,POR CONFIRMAR,FALSE,2025,MISCELÁNEOS
1031,2025-09-03,2025,20,10,110,[EMPLEADO INTERNO],LICENCIA CHOFER VIGENCIA 2 AÑOS,1,PZA,818.96617241,818.9662,131.0346,950.0008,FALSE,POR CONFIRMAR,FALSE,2025,MISCELÁNEOS
1032,2025-08-26,2025,20,25,111,[BENEFICIARIO INTERNO],MANIOBRA TRASLADO DE ZANJADORA,1,SVOS,3200.0,3200.0,512.0,3712.0,TRUE,POR CONFIRMAR,FALSE,2025,MISCELÁNEOS
1033,2025-09-04,2025,20,9,78,[EMPLEADO INTERNO],"LLAVE PARA TUBO, STILSON 8"" PRETUL",1,PZA,83.04,83.04,13.2864,96.3264,TRUE,POR CONFIRMAR,FALSE,2025,MISCELÁNEOS
1034,2025-09-04,2025,20,9,78,[EMPLEADO INTERNO],MARTILLO TUBULAR UÑA CURVA 16 OZ PRETUL,1,PZA,85.92,85.92,13.7472,99.6672,TRUE,POR CONFIRMAR,FALSE,2025,MISCELÁNEOS
1035,2025-09-08,2025,4,25,112,,"TRASLADO R4, HUNUCMÁ A XMATKUIL (PLAN DE AYALA)",1,SVOS,2241.3793,2241.3793,358.6207,2600.0,FALSE,POR CONFIRMAR,FALSE,2025,MISCELÁNEOS
1036,2025-09-15,2025,20,9,113,[BENEFICIARIO INTERNO],TOALLA AZUL MULTIUSOS,2,PZA,50.0,50.0,16.0,116.0,TRUE,POR CONFIRMAR,FALSE,2025,MISCELÁNEOS
1037,2025-09-15,2025,20,9,78,[BENEFICIARIO INTERNO],LIMPIADOR DE CONTACTOS ELÉCTRICOS 260 ML,1,PZA,105.7,105.7,16.912,122.612,TRUE,POR CONFIRMAR,FALSE,2025,MISCELÁNEOS
1038,2025-09-15,2025,20,9,78,[BENEFICIARIO INTERNO],ARRANCADOR DE MOTOR,1,PZA,130.42,130.42,20.8672,151.2872,TRUE,POR CONFIRMAR,FALSE,2025,MISCELÁNEOS
1039,2025-09-15,2025,20,9,78,[BENEFICIARIO INTERNO],CINTA TEFLÓN 1X12 MT COFLEX,1,PZA,11.6,11.6,1.856,13.456,TRUE,POR CONFIRMAR,FALSE,2025,MISCELÁNEOS
1040,2025-09-10,2025,20,9,78,[BENEFICIARIO INTERNO],"JUEGO DESARMADORES 8 PZAS, MANGO COMFORT GRIP, PRETUL",1,PZA,152.58,152.58,24.4128,176.9928,TRUE,POR CONFIRMAR,FALSE,2025,MISCELÁNEOS
1041,2025-09-10,2025,20,9,78,[BENEFICIARIO INTERNO],"LIMPIADOR PARA MANOS FAST ORANGE, 221.5 ML",2,PZA,76.22,76.22,24.3904,176.8304,TRUE,POR CONFIRMAR,FALSE,2025,MISCELÁNEOS
1042,2025-09-10,2025,20,9,78,[BENEFICIARIO INTERNO],LLAVERO IDENTIFICADOR,10,PZA,2.22,2.22,3.552,25.752,TRUE,POR CONFIRMAR,FALSE,2025,MISCELÁNEOS
1043,2025-09-23,2025,20,3,,[BENEFICIARIO INTERNO],APOYO ECONÓMICO PARA COMIDAS,1,SVOS,431.0344827,431.0345,68.9655,500.0,FALSE,POR CONFIRMAR,FALSE,2025,MISCELÁNEOS
1044,2025-09-09,2025,20,9,78,[BENEFICIARIO INTERNO],"LIMA TRIÁNGULO PESADO, 6"", CON MANGO",1,PZA,21.26,21.26,3.4016,24.6616,TRUE,POR CONFIRMAR,FALSE,2025,MISCELÁNEOS
1045,2025-09-09,2025,20,6,78,ALONSO,"LENTES DE SEGURIDAD LIGEROS CON MARCO, ESPEJO PLATA",1,PZA,46.83,46.83,7.4928,54.3228,TRUE,POR CONFIRMAR,FALSE,2025,MISCELÁNEOS
1046,2025-09-09,2025,20,6,78,ARCHIE,"LENTES DE SEGURIDAD LIGEROS CON MARCO, ESPEJO PLATA",1,PZA,46.83,46.83,7.4928,54.3228,TRUE,POR CONFIRMAR,FALSE,2025,MISCELÁNEOS
1047,2025-09-09,2025,20,6,78,ALONSO,"CHALECO DE SEGURIDAD CON CINTAS REFLEJANTES, NARANJA",1,PZA,41.37,41.37,6.6192,47.9892,TRUE,POR CONFIRMAR,FALSE,2025,MISCELÁNEOS
1048,2025-09-09,2025,20,6,78,ARCHIE,"CHALECO DE SEGURIDAD CON CINTAS REFLEJANTES, NARANJA",1,PZA,41.37,41.37,6.6192,47.9892,TRUE,POR CONFIRMAR,FALSE,2025,MISCELÁNEOS
1049,2025-09-09,2025,20,6,78,ALONSO,CASCO DE SEGURIDAD NARANJA,1,PZA,91.66,91.66,14.6656,106.3256,TRUE,POR CONFIRMAR,FALSE,2025,MISCELÁNEOS
1050,2025-09-09,2025,20,6,78,ARCHIE,CASCO DE SEGURIDAD NARANJA,1,PZA,91.66,91.66,14.6656,106.3256,TRUE,POR CONFIRMAR,FALSE,2025,MISCELÁNEOS
1051,2025-09-09,2025,20,6,78,[BENEFICIARIO INTERNO],GUANTES DE CARNAZA/TELA PRETUL,1,PZA,51.72,51.72,8.2752,59.9952,TRUE,POR CONFIRMAR,FALSE,2025,MISCELÁNEOS
1052,2025-08-19,2025,20,19,106,VÍCTOR,LIJA ESMERIL FINA,1,PZA,14.77,14.77,2.3632,17.1332,TRUE,POR CONFIRMAR,FALSE,2025,MISCELÁNEOS
1053,2025-08-19,2025,20,19,106,VÍCTOR,LIJA DE AGUA FANDELI,1,PZA,13.72,13.72,2.1952,15.9152,TRUE,POR CONFIRMAR,FALSE,2025,MISCELÁNEOS
1054,2025-08-19,2025,20,19,106,VÍCTOR,"BROCHA LA MAESTRA 4""",1,PZA,69.55,69.55,11.128,80.678,TRUE,POR CONFIRMAR,FALSE,2025,MISCELÁNEOS
1055,2025-09-09,2025,20,20,114,RENTA COMPRESOR,TUBO PVC SANITARIO NORMA 100 (ML),6,ML,33.32,33.32,31.9872,231.9072,TRUE,POR CONFIRMAR,FALSE,2025,MISCELÁNEOS
1056,2025-09-26,2025,14,16,9,,TUERCA DE PLÁSTICO,1,PZA,59.48,59.48,9.5168,68.9968,TRUE,POR CONFIRMAR,FALSE,2025,MISCELÁNEOS
1057,2025-09-22,2025,15,16,110,,PLACAS NISSAN 70,1,PZA,1930.17241379,1930.1724,308.8276,2239.0,FALSE,POR CONFIRMAR,FALSE,2025,MISCELÁNEOS
1058,2025-09-26,2025,7,16,110,,PLACAS F-350 2007 (DRILL),1,PZA,1930.17241379,1930.1724,308.8276,2239.0,FALSE,POR CONFIRMAR,FALSE,2025,MISCELÁNEOS
1059,2025-07-01,2025,9,16,110,,PLACAS DODGE ATTITUDE,1,PZA,1930.17,1930.17,308.8272,2238.9972,FALSE,POR CONFIRMAR,FALSE,2025,MISCELÁNEOS
1060,2025-07-08,2025,34,16,110,,PLACAS KIA SPORTAGE,1,PZA,1930.17,1930.17,308.8272,2238.9972,FALSE,POR CONFIRMAR,FALSE,2025,MISCELÁNEOS
1061,2025-07-04,2025,7,16,110,,PLACAS F-350 2006,1,PZA,1930.17,1930.17,308.8272,2238.9972,FALSE,POR CONFIRMAR,FALSE,2025,MISCELÁNEOS
1062,2025-07-08,2025,30,16,110,,PLACAS HYUNDAI SANTA FE,1,PZA,1930.17,1930.17,308.8272,2238.9972,FALSE,POR CONFIRMAR,FALSE,2025,MISCELÁNEOS
1063,2025-09-23,2025,14,16,110,,PLACAS NISSAN 69,1,PZA,1930.17,1930.17,308.8272,2238.9972,FALSE,POR CONFIRMAR,FALSE,2025,MISCELÁNEOS
1064,2025-07-12,2025,16,16,110,,PLACAS TOYOTA VAN HIACE,1,PZA,1930.17,1930.17,308.8272,2238.9972,FALSE,POR CONFIRMAR,FALSE,2025,MISCELÁNEOS
1065,2025-07-12,2025,18,16,110,,PLACAS NISSAN MARCH 02,1,PZA,1930.17,1930.17,308.8272,2238.9972,FALSE,POR CONFIRMAR,FALSE,2025,MISCELÁNEOS
1066,2025-07-12,2025,2,16,110,,PLACAS CAMIÓN KODIAK,1,PZA,1930.17,1930.17,308.8272,2238.9972,FALSE,POR CONFIRMAR,FALSE,2025,MISCELÁNEOS
1067,2025-10-01,2025,20,16,110,MARCH O1,PLACAS NISSAN MARCH 01 FER MAGAÑA,1,PZA,1930.17,1930.17,308.8272,2238.9972,FALSE,POR CONFIRMAR,FALSE,2025,MISCELÁNEOS
1068,2025-10-02,2025,20,9,78,[EMPLEADO INTERNO],PISTOLA DE CALOR PROFESIONAL TRUPER 1500W,1,PZA,530.17,530.17,84.8272,614.9972,TRUE,POR CONFIRMAR,FALSE,2025,MISCELÁNEOS
1069,2025-10-06,2025,20,15,115,[BENEFICIARIO INTERNO],"PAGO DE PASAJES [BENEFICIARIO INTERNO], PLAYA-MID, MID-PLAYA",2,PZA,655.174413793,655.1744,209.6558,1520.0046,FALSE,POR CONFIRMAR,FALSE,2025,MISCELÁNEOS
1070,2025-10-06,2025,20,5,,[BENEFICIARIO INTERNO],PAGO DEUDA DON LUPE,1,SVOS,5603.44827586,5603.4483,896.5517,6500.0,FALSE,POR CONFIRMAR,FALSE,2025,MISCELÁNEOS
1071,2025-10-07,2025,20,3,116,VÍCTOR,PREDATOR ENERGY,1,PZA,20.2586206896,20.2586,3.2414,23.5,FALSE,POR CONFIRMAR,FALSE,2025,MISCELÁNEOS
1072,2025-10-07,2025,20,3,116,VÍCTOR,AGUA EPURA 1LT,1,PZA,14.6551724137,14.6552,2.3448,17.0,FALSE,POR CONFIRMAR,FALSE,2025,MISCELÁNEOS
1073,2025-10-07,2025,20,3,117,VÍCTOR,TORTA DE JAMÓN Y QUESO,1,PZA,26.7672413793,26.7672,4.2828,31.05,FALSE,POR CONFIRMAR,FALSE,2025,MISCELÁNEOS
1074,2025-10-08,2025,20,9,78,[BENEFICIARIO INTERNO],FLEXOMETRO CINTA NEGRA EXTRA ANCHO,1,PZA,181.89,181.89,29.1024,210.9924,TRUE,POR CONFIRMAR,FALSE,2025,MISCELÁNEOS
1075,2025-10-08,2025,20,9,78,[BENEFICIARIO INTERNO],"CINTA LARGA, CARCASA PLÁSTICA, 30 M, FIBRA DE VIDRIO",1,PZA,234.19,234.19,37.4704,271.6604,TRUE,POR CONFIRMAR,FALSE,2025,MISCELÁNEOS
1076,2025-10-08,2025,20,9,78,[BENEFICIARIO INTERNO],"KIT ROTOMARTILLO INALAMBRICO 1/2"" Y ACCESORIOS",1,PZA,1241.37,1241.37,198.6192,1439.9892,TRUE,POR CONFIRMAR,FALSE,2025,MISCELÁNEOS
1077,2025-10-09,2025,20,10,110,ALONSO,RENOVACIÓN LICENCIA DE CHOFER,1,PZA,818.97,818.97,131.0352,950.0052,FALSE,POR CONFIRMAR,FALSE,2025,MISCELÁNEOS
1078,2025-06-28,2025,20,9,118,[BENEFICIARIO INTERNO],"BANDOLA MOSQUETÓN DE ACERO 1/4"" FIERO",1,PZA,11.2068965517,11.2069,1.7931,13.0,FALSE,POR CONFIRMAR,FALSE,2025,MISCELÁNEOS
1079,2025-06-28,2025,20,9,118,[BENEFICIARIO INTERNO],"DISCO TIPO 41 DE 4-1/2"" X 1.6 MM CORTE FINO DE METAL",1,PZA,18.9655172413,18.9655,3.0345,22.0,FALSE,POR CONFIRMAR,FALSE,2025,MISCELÁNEOS
1080,2025-06-28,2025,20,9,118,[BENEFICIARIO INTERNO],"DISCO DE DIAMANTE DE 4X1.2MM, RIN TURBO, PRETUL",1,PZA,62.0689655172,62.069,9.931,72.0,FALSE,POR CONFIRMAR,FALSE,2025,MISCELÁNEOS
1081,2025-10-17,2025,20,8,119,MAQUINARIA,TRASLADO DE TÉCNICO A SITIO (FELIPE NERI AGUILAR),1,PZA,86.206895517,86.2069,13.7931,100.0,FALSE,POR CONFIRMAR,FALSE,2025,MISCELÁNEOS
1082,2025-10-21,2025,20,19,19,FERNANDO MAGAÑA,"REPARACIÓN LLANTA RIN 19"" Y PARCHE AL2",1,SVOS,155.17,155.17,24.8272,179.9972,TRUE,POR CONFIRMAR,FALSE,2025,MISCELÁNEOS
1083,2025-10-18,2025,20,8,120,MAQUINARIA,PAGO DE LÍNEAS GPS,4,SVOS,206.0,206.0,131.84,955.84,FALSE,POR CONFIRMAR,FALSE,2025,MISCELÁNEOS
1084,2025-10-22,2025,20,8,119,MAQUINARIA,TRASLADO DE TÉCNICO A SITIO (FELIPE NERI AGUILAR),1,SVOS,86.206895517,86.2069,13.7931,100.0,FALSE,POR CONFIRMAR,FALSE,2025,MISCELÁNEOS
1085,2025-10-07,2025,20,25,100,MAQUINARIA,TRASLADO Z3 DE [INTERNO] A SORENNA,1,SVOS,1465.51724137,1465.5172,234.4828,1700.0,FALSE,POR CONFIRMAR,FALSE,2025,MISCELÁNEOS
1086,2025-10-17,2025,20,25,100,MAQUINARIA,TRASLADO Z3 DE SORENNA A [INTERNO],1,SVOS,1551.72413793,1551.7241,248.2759,1800.0,FALSE,POR CONFIRMAR,FALSE,2025,MISCELÁNEOS
1087,2025-11-14,2025,20,19,9,MAQUINARIA,TOALLA AZUL MULTIUSOS,1,PZA,162.93,162.93,26.0688,188.9988,TRUE,POR CONFIRMAR,FALSE,2025,MISCELÁNEOS
1088,2025-11-14,2025,20,9,9,[BENEFICIARIO INTERNO],AROMATIZANTE AUTO,1,PZA,85.34,85.34,13.6544,98.9944,TRUE,POR CONFIRMAR,FALSE,2025,MISCELÁNEOS
1089,2025-12-04,2025,20,19,78,RENTA GRÚA CANASTA,THINER STD LITRO,2,PZA,40.68,40.68,13.0176,94.3776,TRUE,POR CONFIRMAR,FALSE,2025,MISCELÁNEOS
1090,2025-12-05,2025,20,6,78,[EMPLEADO INTERNO],LENTES DE SEGURIDAD SPORT CON ANTIEMPAÑANTE COLOR VERDE,1,PZA,66.95,66.95,10.712,77.662,TRUE,POR CONFIRMAR,FALSE,2025,MISCELÁNEOS
1091,2025-12-05,2025,20,6,78,[EMPLEADO INTERNO],GUANTES DE PIEL DE CABRA,1,PAR,99.14,99.14,15.8624,115.0024,TRUE,POR CONFIRMAR,FALSE,2025,MISCELÁNEOS
1092,2025-12-05,2025,20,24,121,[EMPLEADO INTERNO],PERFIL DE DROGAS DE 3 PARÁMETROS,1,SVOS,279.310344827,279.3103,44.6897,324.0,FALSE,POR CONFIRMAR,FALSE,2025,MISCELÁNEOS
1093,2025-11-26,2025,4,25,122,,"TRASLADO R4, [INTERNO] A TERRENO CHCHÍ, 3 KM",1,SVOS,1500.0,1500.0,240.0,1740.0,TRUE,POR CONFIRMAR,FALSE,2025,MISCELÁNEOS
1094,2025-12-08,2025,4,25,122,,"TRASLADO R4, TERRENO CHICHÍ A ZAZIL-HA (14 KM)",1,SVOS,1500.0,1500.0,240.0,1740.0,FALSE,POR CONFIRMAR,FALSE,2025,MISCELÁNEOS
1095,2025-09-03,2025,3,19,56,,BOBINA 12V,1,PZA,2180.7,2180.7,348.912,2529.612,TRUE,POR CONFIRMAR,FALSE,2025,RETRO 1
1096,2025-09-03,2025,3,19,56,,SOLENOIDE 12V,1,PZA,670.97,670.97,107.3552,778.3252,TRUE,POR CONFIRMAR,FALSE,2025,RETRO 1
1097,2025-07-25,2025,3,19,14,,ACUMULADOR LTH L-31P-900AR,1,PZA,2772.41,2772.41,443.5856,3215.9956,TRUE,POR CONFIRMAR,FALSE,2025,RETRO 1
1098,2025-08-22,2025,3,19,13,,"RESPALDO P/O-RING #336 D.I.2-7/8""",1,PZA,52.26,52.26,8.3616,60.6216,TRUE,POR CONFIRMAR,FALSE,2025,RETRO 1
1099,2025-08-22,2025,3,19,13,,"RESPALDO P/O-RING #337 D.I.3""",1,PZA,71.95,71.95,11.512,83.462,TRUE,POR CONFIRMAR,FALSE,2025,RETRO 1
1100,2025-09-09,2025,3,19,123,,PLAFÓN OVALADO 66 LED CROMADO FIJO/ESTROBO 12V 54 LEDS AMBAR,4,PZA,157.0,157.0,25.12,728.48,TRUE,POR CONFIRMAR,FALSE,2025,RETRO 1
1101,2025-09-09,2025,3,19,123,,PLAFÓN OVALADO 66 LED CROMADO FIJO/ESTROBO 12V 54 LEDS ROJO,2,PZA,157.0,157.0,25.12,364.24,TRUE,POR CONFIRMAR,FALSE,2025,RETRO 1
1102,2025-09-09,2025,3,19,123,,FARO LED REVERSERO 34 LED 12/24V FIJO+ESTROBO CUADRADO 34 LEDS 12/24V,2,PZA,313.24,313.24,50.1184,726.7168,TRUE,POR CONFIRMAR,FALSE,2025,RETRO 1
1103,2025-09-09,2025,3,19,123,,FOCO 53 LED BLANCO 12V,1,PZA,35.0,35.0,5.6,40.6,TRUE,POR CONFIRMAR,FALSE,2025,RETRO 1
1104,2025-09-15,2025,3,19,56,,PLUNGER ELÉCTRICO,1,PZA,2734.56,2734.56,437.5296,3172.0896,TRUE,POR CONFIRMAR,FALSE,2025,RETRO 1
1105,2025-09-24,2025,3,19,16,,"TERMINAL INSTALACIÓN REDONDA ZINC AMARILLO 3/8""",10,PZA,4.15,4.15,0.664,48.14,TRUE,POR CONFIRMAR,FALSE,2025,RETRO 1
1106,2025-09-24,2025,3,19,16,,"TUBO TERMOCONTRACTIL 1/4""",2,MT,9.47,9.47,1.5152,21.9704,TRUE,POR CONFIRMAR,FALSE,2025,RETRO 1
1107,2025-09-24,2025,3,19,16,,"TUBO TERMOCONTRACTIL 3/16""",2,MT,8.12,8.12,1.2992,18.8384,TRUE,POR CONFIRMAR,FALSE,2025,RETRO 1
1108,2025-10-16,2025,3,19,16,,FOCO INCANDESCENTE 158 TRANSPARENTE 12 V 5W 1 POLO,1,PZA,2.13,2.13,0.3408,2.4708,TRUE,POR CONFIRMAR,FALSE,2025,RETRO 1
1109,2025-10-16,2025,3,19,16,,REGULADOR DE VOLTAJE ALTERNADOR,1,PZA,200.0,200.0,32.0,232.0,TRUE,POR CONFIRMAR,FALSE,2025,RETRO 1
1110,2025-10-16,2025,3,19,16,,CONECTOR TIPO SOQUET 158 FOCO PELLIZCO DODGE,1,PZA,7.43,7.43,1.1888,8.6188,TRUE,POR CONFIRMAR,FALSE,2025,RETRO 1
1111,2025-10-16,2025,3,19,16,,"TERMINAL INSTALACIÓN REDONDA ZINC AMARILLO 1/4""",10,PZA,3.69,3.69,0.5904,42.804,TRUE,POR CONFIRMAR,FALSE,2025,RETRO 1
1112,2025-10-16,2025,3,19,16,,"TERMINAL INSTALACIÓN REDONDA ZINC AMARILLO 3/8""",10,PZA,4.15,4.15,0.664,48.14,TRUE,POR CONFIRMAR,FALSE,2025,RETRO 1
1113,2025-10-16,2025,3,19,16,,TERMINAL INSALACIÓN ENCHUFE ZINC AMARILLO HEMBRA,10,PZA,1.87,1.87,0.2992,21.692,TRUE,POR CONFIRMAR,FALSE,2025,RETRO 1
1114,2025-10-16,2025,3,19,16,,"TUBO TERMOCONTRACTIL 1/8""",2,PZA,5.75,5.75,0.92,13.34,TRUE,POR CONFIRMAR,FALSE,2025,RETRO 1
1115,2025-10-20,2025,3,19,124,,TORNILLO FLANGE CAB. HEXAGONAL,10,PZA,2.498,2.498,0.3997,28.9768,TRUE,POR CONFIRMAR,FALSE,2025,RETRO 1
1116,2025-10-11,2025,3,19,78,,"BISAGRA RECTANGULAR 1-1/2"", LATÓN",1,PZA,9.47,9.47,1.5152,10.9852,TRUE,POR CONFIRMAR,FALSE,2025,RETRO 1
1117,2025-10-11,2025,3,19,78,,PERILLA LATÓN ANTIGUO,1,PZA,13.51,13.51,2.1616,15.6716,TRUE,POR CONFIRMAR,FALSE,2025,RETRO 1
1118,2025-10-11,2025,3,19,78,,DISC. LAMINADO ZIRCONIO 41/2 G.100,2,PZA,34.18,34.18,5.4688,79.2976,TRUE,POR CONFIRMAR,FALSE,2025,RETRO 1
1119,2025-02-05,2025,22,19,32,,TOR. GRADO 8 C/HEX STD 7/16 x 1 3/4,4,PZA,7.6395,7.6395,1.2223,31.7803,TRUE,POR CONFIRMAR,FALSE,2025,RETRO 2
1120,2025-02-05,2025,22,19,32,,ARANDELA DE PRESIÓN 7/16,4,PZA,0.891,0.891,0.1426,3.7066,TRUE,POR CONFIRMAR,FALSE,2025,RETRO 2
1121,2025-02-05,2025,22,19,32,,ARANDELA PLANA ESTRUCTURAL 7/16,4,PZA,1.08,1.08,0.1728,4.4928,TRUE,POR CONFIRMAR,FALSE,2025,RETRO 2
1122,2025-02-05,2025,22,19,32,,TOR. GRADO 5 C/HEX 7/16 x 1 1/2 FINO,4,PZA,4.94,4.94,0.7904,20.5504,TRUE,POR CONFIRMAR,FALSE,2025,RETRO 2
1123,2025-02-05,2025,22,19,32,,ARANDELA PLANA ESTRUCTURAL 7/16,4,PZA,1.08,1.08,0.1728,4.4928,TRUE,POR CONFIRMAR,FALSE,2025,RETRO 2
1124,2025-02-05,2025,22,19,32,,TOR HEX MM C.8-8 E. FINO 12x45,2,PZA,9.454,9.454,1.5126,20.4206,TRUE,POR CONFIRMAR,FALSE,2025,RETRO 2
1125,2025-02-05,2025,22,19,32,,ARANDELA PLANA NG 12 MM,2,PZA,1.662,1.662,0.2659,3.5899,TRUE,POR CONFIRMAR,FALSE,2025,RETRO 2
1126,2025-02-10,2025,22,19,100,,COPLE PARA BOMBA HIDRÁULICA,1,PZA,4500.0,4500.0,720.0,5220.0,TRUE,POR CONFIRMAR,FALSE,2025,RETRO 2
1127,2025-03-05,2025,22,19,72,,CARGA DE BATERÍA,1,SERV,86.21,86.21,13.7936,100.0036,TRUE,POR CONFIRMAR,FALSE,2025,RETRO 2
1128,2025-03-05,2025,22,19,2,,ACUMULADOR LTH,1,PZA,2613.64,2613.64,418.1824,3032.8224,TRUE,POR CONFIRMAR,FALSE,2025,RETRO 2
1129,2025-03-07,2025,22,11,125,,RESCATE (INFLAR LLANTA),1,SERV,818.97,818.97,131.0352,950.0052,TRUE,POR CONFIRMAR,FALSE,2025,RETRO 2
1130,2025-03-19,2025,22,12,3,,"Manguera Hidraulica Parker de 3/8 pulg. a 4750 PSI, Alta Presion, SAE100R2",1.33,MTS,235.053,235.053,37.6085,350.229,TRUE,POR CONFIRMAR,FALSE,2025,RETRO 2
1131,2025-03-19,2025,22,19,3,,CONEXION CRIMPABLE HEMBRA JIC 37. 1/2 X 3/8 ID. ACERO,2,PZA,77.44,77.44,12.3904,167.2704,TRUE,POR CONFIRMAR,FALSE,2025,RETRO 2
1132,2025-03-19,2025,22,19,3,,Adaptador Niple Parker de Acero Macho JIC 37 Flare de 1/2 pulg. X Macho SAE 6 O-Ring.,2,PZA,40.42,40.42,6.4672,87.3072,TRUE,POR CONFIRMAR,FALSE,2025,RETRO 2
1133,2025-01-13,2025,4,4,36,,MEXLUB HIDRAULICO . DTH 300 ACEITE 19 L,1,PZA,1114.822872,1114.8229,178.3717,1293.1945,FALSE,POR CONFIRMAR,FALSE,2025,RETRO 4
1134,2025-02-21,2025,4,4,10,,ACEITE HIDRAULICO H 300 ISO 68 CUBETA DE 19 LTS,1,PZA,862.07,862.07,137.9312,1000.0012,TRUE,POR CONFIRMAR,FALSE,2025,RETRO 4
1135,2025-02-21,2025,4,19,47,,REPARACIÓN DE LLANTA,1,SVOS,1077.5862,1077.5862,172.4138,1250.0,TRUE,POR CONFIRMAR,FALSE,2025,RETRO 4
1136,2025-03-07,2025,4,11,127,,RESCATE LLANTA,1,SVOS,950.0,950.0,152.0,1102.0,FALSE,POR CONFIRMAR,FALSE,2025,RETRO 4
1137,2025-08-11,2025,4,13,128,,CAMBIO DE SELLOS GATO ESTABILIZADOR DERECHO,1,SVOS,2300.0,2300.0,368.0,2668.0,FALSE,POR CONFIRMAR,FALSE,2025,RETRO 4
1138,2025-07-29,2025,4,11,125,,RESCATE,1,SVOS,819.97,819.97,131.1952,951.1652,TRUE,POR CONFIRMAR,FALSE,2025,RETRO 4
1139,2025-07-29,2025,4,11,125,,SERVICIO DE LLANTA 12-16.5,1,SVOS,155.17,155.17,24.8272,179.9972,TRUE,POR CONFIRMAR,FALSE,2025,RETRO 4
1140,2025-07-29,2025,4,11,125,,PARCHE AL2,2,PZA,25.86,25.86,4.1376,59.9952,TRUE,POR CONFIRMAR,FALSE,2025,RETRO 4
1141,2025-07-29,2025,4,11,125,,VÁLVULA TR-573 4 3/8 P/CAMION,1,PZA,129.31,129.31,20.6896,149.9996,TRUE,POR CONFIRMAR,FALSE,2025,RETRO 4
1142,2025-09-03,2025,4,19,3,,GRASERA RECTA 1/4 NPT MACHO,1,PZA,7.0668,7.0668,1.1307,8.1975,TRUE,POR CONFIRMAR,FALSE,2025,RETRO 4
1143,2025-07-31,2025,4,4,14,,ACEITE DIESEL CI-4 SAE 15W-40 C/19 LTS. ROSHFRANS,1,PZA,1566.38,1566.38,250.6208,1817.0008,TRUE,POR CONFIRMAR,FALSE,2025,RETRO 4
1144,2025-07-31,2025,4,4,14,,FILTRO HIDRÁULICO HF-29033 FLEETGUARD HD,1,PZA,1229.31,1229.31,196.6896,1425.9996,TRUE,POR CONFIRMAR,FALSE,2025,RETRO 4
1145,2025-08-30,2025,4,4,129,,KIT DE SELLOS PARA GATO ESTABILIZADOR JOHN DEERE,1,PZA,2800.0,2800.0,448.0,3248.0,TRUE,POR CONFIRMAR,FALSE,2025,RETRO 4
1146,2025-09-15,2025,4,19,113,,CONEXIÓN MARCA GATES,2,PZA,92.4,92.4,14.784,214.368,TRUE,POR CONFIRMAR,FALSE,2025,RETRO 4
1147,2025-09-15,2025,4,19,113,,CONEXIÓN 12MM-4FP MARCA GATES,2,PZA,359.4,359.4,57.504,833.808,TRUE,POR CONFIRMAR,FALSE,2025,RETRO 4
1148,2025-09-09,2025,4,4,5,,ACEITE HIDRÁULICO J20C,1,PZA,1830.25,1830.25,292.84,2123.09,TRUE,POR CONFIRMAR,FALSE,2025,RETRO 4
1149,2025-09-15,2025,4,19,78,,"TERMINAL DE LATÓN PARA BATERÍA, POSTE SUPERIOR, 2 PZAS",1,PZA,81.89,81.89,13.1024,94.9924,TRUE,POR CONFIRMAR,FALSE,2025,RETRO 4
1150,2025-09-10,2025,4,19,78,,TERMINALES DE BATERÍA LIBERACIÓN RÁPIDA,1,PZA,142.81,142.81,22.8496,165.6596,TRUE,POR CONFIRMAR,FALSE,2025,RETRO 4
1151,2025-09-09,2025,4,12,3,,"MANGUERA HIDRÁULICA PARKER DE 3/4"" A 300 PSI, BAJA PRESIÓN, AGUA, ACEITE, AIRE, CAUCHO/TRENZA SINTÉTICA, SERIE 82",1.15,MT,222.7725,222.7725,35.6436,297.1785,TRUE,POR CONFIRMAR,FALSE,2025,RETRO 4
1152,2025-09-09,2025,4,19,3,,"ABRAZADERA IDEAL TRIDON ACERO INOXIDABLE TORNILLO DE ACERO AL CARBÓN DE 1/2"" X 1 1/4""",2,PZA,9.9792,9.9792,1.5967,23.1517,TRUE,POR CONFIRMAR,FALSE,2025,RETRO 4
1153,2025-08-19,2025,4,19,106,,FONDO ANTICORROSIVO GRIS 1 LT,2,LT,267.24,267.24,42.7584,619.9968,TRUE,POR CONFIRMAR,FALSE,2025,RETRO 4
1154,2025-08-19,2025,4,19,106,,AGUARRAZ ENVASADO 960 ML,1,PZA,65.76,65.76,10.5216,76.2816,TRUE,POR CONFIRMAR,FALSE,2025,RETRO 4
1155,2025-08-20,2025,4,4,2,,QUAKER-15W40-DIESEL-CI4 19 LTS ACEITE DE MOTOR,1,PZA,1359.64,1359.64,217.5424,1577.1824,TRUE,POR CONFIRMAR,FALSE,2025,RETRO 4
1156,2025-10-03,2025,4,19,78,,"CANDADO DE LATÓN 30MM, GANCHO EXTRA LARGO",1,PZA,72.7,72.7,11.632,84.332,TRUE,POR CONFIRMAR,FALSE,2025,RETRO 4
1157,2025-10-07,2025,4,19,78,,"PORTACANDADO ACERO ZINCADO 3-1/4""",3,PZA,78.45,78.45,12.552,273.006,TRUE,POR CONFIRMAR,FALSE,2025,RETRO 4
1158,2025-10-07,2025,4,19,78,,"CANDADO DE LATÓN 50MM, GANCHO EXTRA LARGO",1,PZA,182.47,182.47,29.1952,211.6652,TRUE,POR CONFIRMAR,FALSE,2025,RETRO 4
1159,2025-10-11,2025,4,4,130,,DIESEL,26.95,LT,23.091,23.091,3.6946,721.8708,FALSE,POR CONFIRMAR,FALSE,2025,RETRO 4
1160,2025-10-11,2025,4,13,111,,TRASLADO DE PLAN DE AYALA A OFICINA,1,SVOS,1800.0,1800.0,288.0,2088.0,TRUE,POR CONFIRMAR,FALSE,2025,RETRO 4
1161,2025-10-16,2025,4,19,5,,FUSIBLE,1,PZA,34.41,34.41,5.5056,39.9156,TRUE,POR CONFIRMAR,FALSE,2025,RETRO 4
1162,2025-10-16,2025,4,19,5,,FUSIBLE 10A,1,PZA,34.41,34.41,5.5056,39.9156,TRUE,POR CONFIRMAR,FALSE,2025,RETRO 4
1163,2025-10-16,2025,4,19,5,,FUSIBLE 15A,1,PZA,46.83,46.83,7.4928,54.3228,TRUE,POR CONFIRMAR,FALSE,2025,RETRO 4
1164,2025-10-16,2025,4,19,5,,FUSIBLE,1,PZA,42.69,42.69,6.8304,49.5204,TRUE,POR CONFIRMAR,FALSE,2025,RETRO 4
1165,2025-10-16,2025,4,19,5,,FUSIBLE,1,PZA,21.94,21.94,3.5104,25.4504,TRUE,POR CONFIRMAR,FALSE,2025,RETRO 4
1166,2025-10-16,2025,4,19,5,,FUSIBLE 30A,1,PZA,14.74,14.74,2.3584,17.0984,TRUE,POR CONFIRMAR,FALSE,2025,RETRO 4
1167,2025-10-21,2025,4,19,131,,BOMBA DIESEL REPUESTO PARA FILTRO SEPARADOR DE COMB.,1,PZA,818.97,818.97,131.0352,950.0052,TRUE,POR CONFIRMAR,FALSE,2025,RETRO 4
1168,2025-10-21,2025,4,19,5,,JUEGO DE ANILLOS TORICOS,1,PZA,438.25,438.25,70.12,508.37,TRUE,POR CONFIRMAR,FALSE,2025,RETRO 4
1169,2025-10-21,2025,4,19,5,,JUEGO DE RETENES,1,PZA,503.25,503.25,80.52,583.77,TRUE,POR CONFIRMAR,FALSE,2025,RETRO 4
1170,2025-09-30,2025,4,11,132,,RESCATE DE LLANTA,1,PZA,1379.31034482,1379.3103,220.6897,1600.0,FALSE,POR CONFIRMAR,FALSE,2025,RETRO 4
1171,2025-10-01,2025,4,13,133,,REVISIÓN DE SISTEMA ELÉCTRICO Y PARKING,1,PZA,1379.31034482,1379.3103,220.6897,1600.0,FALSE,POR CONFIRMAR,FALSE,2025,RETRO 4
1172,2025-09-13,2025,4,13,128,,REVISIÓN DE BOMBA DEL FILTRO SEPARADOR DE COMBUSTIBLE,1,PZA,1293.10344827,1293.1034,206.8966,1500.0,FALSE,POR CONFIRMAR,FALSE,2025,RETRO 4
1173,2025-09-15,2025,4,13,128,,COMBUSTIBLE R4 POR RESCATE,1,PZA,902.586206896,902.5862,144.4138,1047.0,FALSE,POR CONFIRMAR,FALSE,2025,RETRO 4
1174,2025-09-12,2025,4,13,134,,REVISIÓN DE SISTEMA ELÉCTRICO Y PARKING,1,PZA,862.068965517,862.069,137.931,1000.0,FALSE,POR CONFIRMAR,FALSE,2025,RETRO 4
1175,2025-11-25,2025,4,4,135,,CARGA DIESEL P/PRUEBAS EN TERRENO CHICHÍ,1,LT,862.0689655,862.069,137.931,1000.0,FALSE,POR CONFIRMAR,FALSE,2025,RETRO 4
1176,2025-12-08,2025,4,13,127,,RESCATE CHCHÍ SUÁREZ,2,SVOS,129.310344827,129.3103,20.6897,300.0,FALSE,POR CONFIRMAR,FALSE,2025,RETRO 4
1177,2025-12-08,2025,4,13,127,,SERVICIO DE LLANTA 19.5L24,2,SVOS,301.7241379,301.7241,48.2759,700.0,FALSE,POR CONFIRMAR,FALSE,2025,RETRO 4
1178,2025-12-08,2025,4,19,127,,VÁLVULA 50L,2,PZA,129.310344827,129.3103,20.6897,300.0,FALSE,POR CONFIRMAR,FALSE,2025,RETRO 4
1179,2025-12-08,2025,4,19,127,,LLANTA 19.5L24 12C FORERUNNER QH609,1,PZA,7853.45,7853.45,1256.552,9110.002,FALSE,POR CONFIRMAR,FALSE,2025,RETRO 4
1180,2025-02-17,2025,12,11,19,,PARCHE AL2,2,PAR,,51.72,4.1376,55.8576,TRUE,POR CONFIRMAR,FALSE,2025,SAVEIRO 1
1181,2025-02-17,2025,12,11,19,,SERVICIO DE LLANTA RIN 15,1,SVOS,,86.21,13.7936,100.0036,TRUE,POR CONFIRMAR,FALSE,2025,SAVEIRO 1
1182,2025-06-17,2025,12,11,19,,LLANTA 205/60R15 91H AGATE AG-266,2,PZA,,3000.0,240.0,3240.0,TRUE,POR CONFIRMAR,FALSE,2025,SAVEIRO 1
1183,2025-06-17,2025,12,11,19,,KIT DE VÁLVULA-MONTAJE-SERVICIO DE BALANCEO-NITRÓGENO 40 PSI,2,SVOS,,517.24,41.3792,558.6192,TRUE,POR CONFIRMAR,FALSE,2025,SAVEIRO 1
1184,2025-06-17,2025,12,11,19,,BALANCEO RIN HIEERO,2,SVOS,,155.18,12.4144,167.5944,TRUE,POR CONFIRMAR,FALSE,2025,SAVEIRO 1
1185,2025-06-17,2025,12,11,19,,SERVICIO DE ALINEACIÓN AUTO COMPACTO,1,SVOS,,344.83,55.1728,400.0028,TRUE,POR CONFIRMAR,FALSE,2025,SAVEIRO 1
1186,2025-06-17,2025,12,11,19,,SERVICIO DE LLANTA RIN 15,1,SVOS,,86.21,13.7936,100.0036,TRUE,POR CONFIRMAR,FALSE,2025,SAVEIRO 1
1187,2025-06-17,2025,12,11,19,,PARCHE AL2,1,PZA,,25.86,4.1376,29.9976,TRUE,POR CONFIRMAR,FALSE,2025,SAVEIRO 1
1188,2025-10-09,2025,12,19,2,,BANDA STRETCH PARA RADIADOR,1,PZA,,372.91,59.6656,432.5756,TRUE,POR CONFIRMAR,FALSE,2025,SAVEIRO 1
1189,2025-02-13,2025,13,19,83,,ALTERNADOR,1,PZA,,9610.37,1537.6592,11148.0292,FALSE,POR CONFIRMAR,FALSE,2025,SAVEIRO 2
1190,2025-02-13,2025,13,19,83,,BATERÍA CON INDICADOR DE CARGA,1,PZA,,3598.8,575.808,4174.608,FALSE,POR CONFIRMAR,FALSE,2025,SAVEIRO 2
1191,2025-02-13,2025,13,13,83,,BATERÍA DESMONTADO Y MONTADO,0.3,SVOS,,247.8,132.16,379.96,FALSE,POR CONFIRMAR,FALSE,2025,SAVEIRO 2
1192,2025-02-13,2025,13,13,83,,BATERÍA SUSTITUIDO,0.2,SVOS,,165.2,132.16,297.36,FALSE,POR CONFIRMAR,FALSE,2025,SAVEIRO 2
1193,2025-02-13,2025,13,19,83,,KIT PARA TOTAL SERVICE,1,SVOS,,3620.69,579.3104,4200.0004,FALSE,POR CONFIRMAR,FALSE,2025,SAVEIRO 2
1194,2025-02-13,2025,13,13,83,,LIMPIEZA Y AJUSTE,1,SVOS,,500.0,80.0,580.0,FALSE,POR CONFIRMAR,FALSE,2025,SAVEIRO 2
1195,2025-02-13,2025,13,13,83,,MONTADO Y DESMONTADO DE ALTERNADOR,1,SVOS,,326.0,52.16,378.16,FALSE,POR CONFIRMAR,FALSE,2025,SAVEIRO 2
1196,2025-04-07,2025,13,11,19,,PARCHE AL2,1,PZA,,25.86,4.1376,29.9976,TRUE,POR CONFIRMAR,FALSE,2025,SAVEIRO 2
1197,2025-04-01,2025,13,11,19,,PARCHE AL2,1,PZA,,25.86,4.1376,29.9976,TRUE,POR CONFIRMAR,FALSE,2025,SAVEIRO 2
1198,2025-05-28,2025,13,11,19,,PARCHE AL2,1,PZA,,25.86,4.1376,29.9976,TRUE,POR CONFIRMAR,FALSE,2025,SAVEIRO 2
1199,2025-05-02,2025,13,11,19,,PARCHE AL2,2,PZA,,51.72,4.1376,55.8576,TRUE,POR CONFIRMAR,FALSE,2025,SAVEIRO 2
1200,2025-02-13,2025,13,11,83,,SERVICIO DE INSPECCIÓN,0.5,SVOS,,413.0,132.16,545.16,FALSE,POR CONFIRMAR,FALSE,2025,SAVEIRO 2
1201,2025-04-07,2025,13,11,19,,SERVICIO DE LLANTA RIN 15,1,SVOS,,86.21,13.7936,100.0036,TRUE,POR CONFIRMAR,FALSE,2025,SAVEIRO 2
1202,2025-04-01,2025,13,11,19,,SERVICIO DE LLANTA RIN 15,2,SVOS,,172.42,13.7936,186.2136,TRUE,POR CONFIRMAR,FALSE,2025,SAVEIRO 2
1203,2025-05-28,2025,13,11,19,,SERVICIO DE LLANTA RIN 15,1,SVOS,,86.21,13.7936,100.0036,TRUE,POR CONFIRMAR,FALSE,2025,SAVEIRO 2
1204,2025-05-02,2025,13,11,19,,SERVICIO DE LLANTA RIN 15,2,SVOS,,172.42,13.7936,186.2136,TRUE,POR CONFIRMAR,FALSE,2025,SAVEIRO 2
1205,2025-02-13,2025,13,13,83,,TOTAL SERVICE,1,SVOS,,820.6,131.296,951.896,FALSE,POR CONFIRMAR,FALSE,2025,SAVEIRO 2
1206,2025-12-09,2025,13,11,19,,"KIT DE VÁLVULA, MONTAJE, SERVICIO DE BALANCEO",2,SVOS,,517.24,41.3792,558.6192,TRUE,POR CONFIRMAR,FALSE,2025,SAVEIRO 2
1207,2025-12-09,2025,13,11,19,,LLANTA 205/60R15 91 H SURETRAC,2,PZA,,2681.04,214.4832,2895.5232,TRUE,POR CONFIRMAR,FALSE,2025,SAVEIRO 2
1208,2025-12-09,2025,13,11,19,,SERVICIO DE ROTACIÓN DE LLANTA RIN 15,2,PZA,,86.22,6.8976,93.1176,TRUE,POR CONFIRMAR,FALSE,2025,SAVEIRO 2
1209,2025-02-12,2025,16,19,136,,REEMPLAZO DEL KIT DE CLUTCH Y RECTIFICADO DE VOLANTA,12,SERV,572.12,572.12,91.5392,6956.9792,TRUE,POR CONFIRMAR,FALSE,2025,VAN HIACE
1210,2025-02-12,2025,16,13,136,,ARMADO DE CLUTCH Y VOLANTA,2.4,SERV,284.85,284.85,45.576,729.216,TRUE,POR CONFIRMAR,FALSE,2025,VAN HIACE
1211,2025-02-12,2025,16,13,136,,RECTIFICADO DE VOLANTA,1,SERV,818.96,818.96,131.0336,949.9936,TRUE,POR CONFIRMAR,FALSE,2025,VAN HIACE
1212,2025-02-12,2025,16,19,136,,"FORK SUB-ASSY, CLUTC",1,SERV,1325.26,1325.26,212.0416,1537.3016,TRUE,POR CONFIRMAR,FALSE,2025,VAN HIACE
1213,2025-02-12,2025,16,19,136,,"COVER ASSY, CLUTCH",1,SERV,4279.79,4279.79,684.7664,4964.5564,TRUE,POR CONFIRMAR,FALSE,2025,VAN HIACE
1214,2025-02-12,2025,16,19,136,,"BEARING ASSY, CLUTCH",1,SERV,2115.6,2115.6,338.496,2454.096,TRUE,POR CONFIRMAR,FALSE,2025,VAN HIACE
1215,2025-02-12,2025,16,19,136,,"SUPPORT, RELEASE FOR",1,SERV,341.64,341.64,54.6624,396.3024,TRUE,POR CONFIRMAR,FALSE,2025,VAN HIACE
1216,2025-02-12,2025,16,19,136,,"DISC ASSY, CLUTCH",1,SERV,3362.39,3362.39,537.9824,3900.3724,TRUE,POR CONFIRMAR,FALSE,2025,VAN HIACE
1217,2025-02-12,2025,16,19,136,,"CYLINDER ASSY, MASTE",1,SERV,2627.73,2627.73,420.4368,3048.1668,TRUE,POR CONFIRMAR,FALSE,2025,VAN HIACE
1218,2025-02-12,2025,16,19,136,,"CYLINDER ASSY, CLUTC",1,SERV,1539.4,1539.4,246.304,1785.704,TRUE,POR CONFIRMAR,FALSE,2025,VAN HIACE
1219,2025-02-12,2025,16,19,136,,"BEARING, RADIAL BALL",1,SERV,164.05,164.05,26.248,190.298,TRUE,POR CONFIRMAR,FALSE,2025,VAN HIACE
1220,2025-02-12,2025,16,13,136,,"MANTENIMIENTO DE 200,000 KM O 120 MESES",1.1,SERV,1219.71,1219.71,195.1536,1536.8346,TRUE,POR CONFIRMAR,FALSE,2025,VAN HIACE
1221,2025-02-12,2025,16,4,136,,ACEITE 5W30 LT. GRANEL,5.6,LT,126.42,126.42,20.2272,728.1792,TRUE,POR CONFIRMAR,FALSE,2025,VAN HIACE
1222,2025-02-12,2025,16,4,136,,LIQUIDO DE FRENOS,1,PZA,146.28,146.28,23.4048,169.6848,TRUE,POR CONFIRMAR,FALSE,2025,VAN HIACE
1223,2025-02-12,2025,16,4,136,,ACEITE 80W90 TRANS. STD Y DIF,3,LT,151.96,151.96,24.3136,480.1936,TRUE,POR CONFIRMAR,FALSE,2025,VAN HIACE
1224,2025-02-12,2025,16,19,136,,"ELEMENT, AIR REFINER",1,PZA,489.99,489.99,78.3984,568.3884,TRUE,POR CONFIRMAR,FALSE,2025,VAN HIACE
1225,2025-02-12,2025,16,19,136,,GASKET,1,PZA,24.73,24.73,3.9568,28.6868,TRUE,POR CONFIRMAR,FALSE,2025,VAN HIACE
1226,2025-02-12,2025,16,19,136,,"FILTER, OIL",1,PZA,118.68,118.68,18.9888,137.6688,TRUE,POR CONFIRMAR,FALSE,2025,VAN HIACE
1227,2025-02-12,2025,16,19,136,,"PLUG, SPARK",4,PZA,341.85,341.85,54.696,1422.096,TRUE,POR CONFIRMAR,FALSE,2025,VAN HIACE
1228,2025-03-01,2025,16,13,19,,"VÁLVULA, MONTAJE, SERVICIO DE BALANCEO, 4NITRÓGENO",4,SERV,258.62,258.62,41.3792,1075.8592,FALSE,POR CONFIRMAR,FALSE,2025,VAN HIACE
1229,2025-03-01,2025,16,13,19,,ALINEACIÓN CAMIONETA,1,SERV,431.03,431.03,68.9648,499.9948,FALSE,POR CONFIRMAR,FALSE,2025,VAN HIACE
1230,2025-03-01,2025,16,19,19,,LLANTA 195R15C 8PR BLACKHAWK,4,PZA,2251.52,2251.52,360.2432,9366.3232,FALSE,POR CONFIRMAR,FALSE,2025,VAN HIACE
1231,2025-07-24,2025,16,13,136,,"MANTENIMIENTO DE 270,000 KM",1,SERV,1718.96551724,1718.9655,275.0345,1994.0,TRUE,POR CONFIRMAR,FALSE,2025,VAN HIACE
1232,2025-07-24,2025,16,13,136,,LIMPIEZA DE CUERPO DE ACELERACIÓN,1,SERV,689.655172413,689.6552,110.3448,800.0,TRUE,POR CONFIRMAR,FALSE,2025,VAN HIACE
1233,2025-07-24,2025,16,13,136,,VERIFICACIÓN DE PULSO DE INYECCIÓN,1,SERV,1896.55172413,1896.5517,303.4483,2200.0,TRUE,POR CONFIRMAR,FALSE,2025,VAN HIACE
1234,2025-01-20,2025,5,19,137,,TOBERAS,4,PZA,1459.0,1459.0,233.44,6069.44,FALSE,POR CONFIRMAR,FALSE,2025,Z2
1235,2025-01-20,2025,5,19,137,,VALVULAS,2,PZA,2352.0,2352.0,376.32,5080.32,FALSE,POR CONFIRMAR,FALSE,2025,Z2
1236,2025-01-20,2025,5,19,137,,SELLOS EXTERIORES,4,PZA,298.0,298.0,47.68,1239.68,FALSE,POR CONFIRMAR,FALSE,2025,Z2
1237,2025-01-20,2025,5,19,137,,JUEGO DE SERVICIO,4,PZA,588.0,588.0,94.08,2446.08,FALSE,POR CONFIRMAR,FALSE,2025,Z2
1238,2025-01-20,2025,5,19,137,,RESORTE,4,PZA,377.0,377.0,60.32,1568.32,FALSE,POR CONFIRMAR,FALSE,2025,Z2
1239,2025-01-20,2025,5,19,137,,LAINAS 3 mm,2,PZA,98.0,98.0,15.68,211.68,FALSE,POR CONFIRMAR,FALSE,2025,Z2
1240,2025-01-20,2025,5,19,137,,"REPARACIÓN, LIMPIEZA Y CALIBRACIÓN DE INYECTORES BOSH ALTA PRESIÓN",4,PZA,600.0,600.0,96.0,2496.0,FALSE,POR CONFIRMAR,FALSE,2025,Z2
1241,2025-01-27,2025,5,19,137,,"RECONSTRUIR TURBO. INCLUYE NUEVO: REFACCIONES, BALANCEO Y MANO DE OBRA.",1,SERV,7600.0,7600.0,1216.0,8816.0,FALSE,POR CONFIRMAR,FALSE,2025,Z2
1242,2025-02-12,2025,5,19,23,,KIT DE REPARACIÓN PARA MOTOR,1,PZA,21500.0,21500.0,3440.0,24940.0,TRUE,POR CONFIRMAR,FALSE,2025,Z2
1243,2025-02-12,2025,5,19,23,,CAMISAS DE SALVAMENTO,1,PZA,2800.0,2800.0,448.0,3248.0,TRUE,POR CONFIRMAR,FALSE,2025,Z2
1244,2025-02-12,2025,5,19,23,,BIELA,1,PZA,3500.0,3500.0,560.0,4060.0,TRUE,POR CONFIRMAR,FALSE,2025,Z2
1245,2025-02-12,2025,5,13,23,,SERVICIO DE REPARACIÓN E INSTALACIÓN KIT DE REPARACIÓN,1,SERV,1800.0,1800.0,288.0,2088.0,TRUE,POR CONFIRMAR,FALSE,2025,Z2
1246,2025-01-27,2025,5,13,138,,ENCAMISAR CILINDROS - ENCIL4CDS,4,SERV,1200.0,1200.0,192.0,4992.0,TRUE,POR CONFIRMAR,FALSE,2025,Z2
1247,2025-01-27,2025,5,13,138,,PULIR CIGUEÑAL,1,SERV,700.0,700.0,112.0,812.0,TRUE,POR CONFIRMAR,FALSE,2025,Z2
1248,2025-01-27,2025,5,13,138,,AJUSTAR BANCADA,1,SERV,1000.0,1000.0,160.0,1160.0,TRUE,POR CONFIRMAR,FALSE,2025,Z2
1249,2025-01-27,2025,5,13,138,,RECTIFICAR CAJAS A BIELAS,4,SERV,200.0,200.0,32.0,832.0,TRUE,POR CONFIRMAR,FALSE,2025,Z2
1250,2025-01-27,2025,5,13,138,,RECTIFICAR BUJES A BIELAS,4,SERV,300.0,300.0,48.0,1248.0,TRUE,POR CONFIRMAR,FALSE,2025,Z2
1251,2025-01-27,2025,5,13,138,,PULIR ARBOL DE LEVAS,1,SERV,550.0,550.0,88.0,638.0,TRUE,POR CONFIRMAR,FALSE,2025,Z2
1252,2025-01-27,2025,5,13,138,,CAMBIAR BUJES DE ARBOL,1,SERV,550.0,550.0,88.0,638.0,TRUE,POR CONFIRMAR,FALSE,2025,Z2
1253,2025-01-27,2025,5,13,138,,RECTIFICAR ASIENTO DE VALVULA,16,SERV,45.0,45.0,7.2,727.2,TRUE,POR CONFIRMAR,FALSE,2025,Z2
1254,2025-01-27,2025,5,13,138,,RECTIFICAR VALVULAS,16,SERV,45.0,45.0,7.2,727.2,TRUE,POR CONFIRMAR,FALSE,2025,Z2
1255,2025-01-27,2025,5,13,138,,PRUEBA HIDROSTATICA A CABEZOTE,1,SERV,550.0,550.0,88.0,638.0,TRUE,POR CONFIRMAR,FALSE,2025,Z2
1256,2025-01-27,2025,5,13,138,,CEPILLAR CABEZOTE,1,SERV,1000.0,1000.0,160.0,1160.0,TRUE,POR CONFIRMAR,FALSE,2025,Z2
1257,2025-01-27,2025,5,13,138,,LAVAR MOTOR,1,SERV,850.0,850.0,136.0,986.0,TRUE,POR CONFIRMAR,FALSE,2025,Z2
1258,2025-01-27,2025,5,13,138,,ARMAR CON SELLOS,1,SERV,550.0,550.0,88.0,638.0,TRUE,POR CONFIRMAR,FALSE,2025,Z2
1259,2025-04-23,2025,6,13,139,,CORTAR 13 PICAS QUEBRADAS Y QUEMAR LOS SEGUROS (LAINAS),1,SVOS,,3017.2414,482.7586,3500.0,FALSE,POR CONFIRMAR,FALSE,2025,Z3
1260,2025-08-06,2025,6,13,139,,"FABRICACIÓN DE 4 PASADORES P/DISCO, SOLDADURA BASE SEGMENTO DISCO",1,SVOS,,2413.7931,386.2069,2800.0,FALSE,POR CONFIRMAR,FALSE,2025,Z3
1261,2025-04-23,2025,6,19,140,,O-RING DE VITÓN-75 #2-022,1,PZA,,36.27,5.8032,42.0732,FALSE,POR CONFIRMAR,FALSE,2025,Z3
1262,2025-04-23,2025,6,19,140,,BACK UP RESPALDO PARA O-RING #022,2,PZA,,37.96,3.0368,44.0336,FALSE,POR CONFIRMAR,FALSE,2025,Z3
1263,2025-04-23,2025,6,19,140,,"O-RING PARA CONEXIÓN ROSCA RECTA 916-711 1""",1,PZA,,19.24,3.0784,22.3184,FALSE,POR CONFIRMAR,FALSE,2025,Z3
1264,2025-04-23,2025,6,19,140,,O-RING DE VITÓN-75 #2-015,1,PZA,,14.85,2.376,17.226,FALSE,POR CONFIRMAR,FALSE,2025,Z3
1265,2025-01-23,2025,6,4,14,,ACEITE HIDRAULICO H-300 (ISO 68) C/19 LTS ROSHFRANS,2,PZA,,2417.24,193.3792,2803.9984,TRUE,POR CONFIRMAR,FALSE,2025,Z3
1266,2025-04-23,2025,6,19,140,,BACK UP RESPALDO PARA O-RING #015,1,PZA,,44.0,7.04,51.04,FALSE,POR CONFIRMAR,FALSE,2025,Z3
1267,2025-04-23,2025,6,19,140,,O-RING DE VITÓN-75 #2-016,1,PZA,,24.18,3.8688,28.0488,FALSE,POR CONFIRMAR,FALSE,2025,Z3
1268,2025-04-23,2025,6,19,140,,O-RING PARA CONEXIÓN ROSCA RECTA 910-755 5/8,1,PZA,,13.5,2.16,15.66,FALSE,POR CONFIRMAR,FALSE,2025,Z3
1269,2025-04-23,2025,6,19,140,,O-RING DE VITÓN-75 #2-014,1,PZA,,17.68,2.8288,20.5088,FALSE,POR CONFIRMAR,FALSE,2025,Z3
1270,2025-04-23,2025,6,19,140,,BACK UP RESPALDO PARA O-RING #014,1,PZA,,14.3,2.288,16.588,FALSE,POR CONFIRMAR,FALSE,2025,Z3
1271,2025-02-20,2025,6,13,28,,SERVICIO ESPECIAL (ENVÍO PICAS),1,SVOS,,300.0,48.0,348.0,TRUE,POR CONFIRMAR,FALSE,2025,Z3
1272,2025-07-29,2025,6,13,139,,"CORTAR 13 PORTAPICAS Y ALINEAR NUEVAS, BISELAR FISURAS DISCO, SOLDAR NUEVA BASE TURBO",1,SVOS,,12327.5862,1972.4138,14300.0,FALSE,POR CONFIRMAR,FALSE,2025,Z3
1273,2025-04-23,2025,6,19,140,,O-RING PARA CONEXIÓN ROSCA RECTA 910-755 5/8,1,PZA,,13.5,2.16,15.66,FALSE,POR CONFIRMAR,FALSE,2025,Z3
1274,2025-04-29,2025,6,19,141,,"BANDA TRANSPORTADORA 3-16X1-16 42, MCA. STANDARBELT (TOLVA DE DISCO)",1,PZA,,1142.24,182.7584,1324.9984,TRUE,POR CONFIRMAR,FALSE,2025,Z3
1275,2025-04-04,2025,6,19,28,,PICA 7/8 - MARCA SOLLAMI -025,1,PZA,,9500.0,1520.0,11020.0,TRUE,POR CONFIRMAR,FALSE,2025,Z3
1276,2025-07-10,2025,6,4,2,,ACEITE GL5 80W90 GONHER 19 L,1,PZA,,1473.08,235.6928,1708.7728,TRUE,POR CONFIRMAR,FALSE,2025,Z3
1277,2025-07-10,2025,6,4,2,,ACEITE HIDRÁULICO QUAKER ISO-68,3,PZA,,2652.18,141.4496,3076.5288,TRUE,POR CONFIRMAR,FALSE,2025,Z3
1278,2025-04-29,2025,6,19,26,,"CONUNTO ROTOR USADO, MEDIO USO",1,PZA,,18000.0,2880.0,20880.0,FALSE,POR CONFIRMAR,FALSE,2025,Z3
1279,2025-04-29,2025,6,19,26,,KIT DE SELLOS,1,PZA,,4500.0,720.0,5220.0,FALSE,POR CONFIRMAR,FALSE,2025,Z3
1280,2025-04-29,2025,6,19,26,,PLATO VÁLVULA,1,PZA,,2000.0,320.0,2320.0,FALSE,POR CONFIRMAR,FALSE,2025,Z3
1281,2025-04-14,2025,6,19,3,,"ADAPTADOR CODO 45 PARKER DE ACERO MACHO JIC 37 FLARE DE 1 1/4"". X MACHO SAE 20 0-RING",1,PZA,,1051.7346,168.2775,1220.0121,TRUE,POR CONFIRMAR,FALSE,2025,Z3
1282,2025-04-14,2025,6,12,3,,"MANGUERA HIDRÁULICA COVALCA DE 1 1/4"" A 4714 PSI, EXTREMA PRESIÓN 4SH, SAE 100R12 FLUIDOS HIDRÁULICOS, 4 MALLAS ESPIRALADAS, SERIE 71/43",0.62,MT,,492.0469,126.9798,570.7744,TRUE,POR CONFIRMAR,FALSE,2025,Z3
1283,2025-04-14,2025,6,12,3,,"MANGUERA HIDRÁULICA COVALCA DE 1 1/4"" A 4714 PSI, EXTREMA PRESIÓN 4SH, SAE 100R12 FLUIDOS HIDRÁULICOS, 4 MALLAS ESPIRALADAS, SERIE 71/43",0.56,MT,,444.4294,126.9798,515.5382,TRUE,POR CONFIRMAR,FALSE,2025,Z3
1284,2025-04-15,2025,6,19,3,,"CONEXIÓN CRIMPABLE CODO 45 HEMBRA JIC 37 FLARE DE 1 1/4"" X 1 1/4"" ID. MANGUERA, COVALCA, SERIE FJ, ACERO, (13771-20-20-I)",2,PZA,,2058.082,164.6466,2387.3751,TRUE,POR CONFIRMAR,FALSE,2025,Z3
1285,2025-04-15,2025,6,19,3,,"CONEXIÓN PARA SOLDAR 1 1/4""",2,PZA,,571.956,45.7565,663.469,TRUE,POR CONFIRMAR,FALSE,2025,Z3
1286,2025-05-23,2025,6,13,139,,CORTAR SOLDADURA DE 4 PORTAPICAS Y SOLDAR NUEVAS PORTAPICAS,1,SVOS,,3448.2759,551.7241,4000.0,FALSE,POR CONFIRMAR,FALSE,2025,Z3
1287,2025-04-15,2025,6,19,3,,"CONEXIÓN CRIMPABLE HEMBRA JIC 37 FLARE DE 1 1/4"" X 1 1/4"" ID. MANGUERA, COVALCA, SERIE FJ, ACERO (10671-20-20-CV)",2,PZA,,1272.284,101.7827,1475.8494,TRUE,POR CONFIRMAR,FALSE,2025,Z3
1288,2025-04-15,2025,6,19,3,,O-RING PARA BRIDA #16 CODE.61-CODE.62,2,PZA,,14.3596,1.1488,16.6571,TRUE,POR CONFIRMAR,FALSE,2025,Z3
1289,2025-06-02,2025,6,11,125,,SERVICIO DE LLANTA 16-70-20,1,SVOS,,344.83,55.1728,400.0028,TRUE,POR CONFIRMAR,FALSE,2025,Z3
1290,2025-06-02,2025,6,11,125,,RESCATE,1,SVOS,,862.07,137.9312,1000.0012,TRUE,POR CONFIRMAR,FALSE,2025,Z3
1291,2025-04-25,2025,6,19,3,,"CONEXIÓN CRIMPABLE HEMBRA JIC 37 FLARE DE 1 1/4"" X 1 1/4"" ID. MANGUERA, COVALCA, SERIE FJ, ACERO (10671-20-20-CV)",1,PZA,,636.142,101.7827,737.9247,TRUE,POR CONFIRMAR,FALSE,2025,Z3
1292,2025-04-25,2025,6,19,3,,"CONEXIÓN PARA SOLDAR 1 1/4""",1,PZA,,285.978,45.7565,331.7345,TRUE,POR CONFIRMAR,FALSE,2025,Z3
1293,2025-06-02,2025,6,11,125,,SERVICIO DE LLANTA 16-70-20,1,SVOS,,344.83,55.1728,400.0028,TRUE,POR CONFIRMAR,FALSE,2025,Z3
1294,2025-06-02,2025,6,11,125,,RESCATE,1,SVOS,,862.07,137.9312,1000.0012,TRUE,POR CONFIRMAR,FALSE,2025,Z3
1295,2025-04-25,2025,6,19,3,,"CONEXIÓN CRIMPABLE CODO 45 HEMBRA JIC 37 FLARE DE 1 1/4"" X 1 1/4"" ID. MANGUERA, PARKER, SERIE 71, ACERO",0.5,PZA,,1054.2609,337.3635,1222.9426,TRUE,POR CONFIRMAR,FALSE,2025,Z3
1296,2025-06-13,2025,6,11,125,,SERVICIO DE LLANTA RIN 16 DE CARGA,1,SVOS,,129.31,20.6896,149.9996,TRUE,POR CONFIRMAR,FALSE,2025,Z3
1297,2025-06-13,2025,6,11,125,,RESCATE,1,SVOS,,775.86,124.1376,899.9976,TRUE,POR CONFIRMAR,FALSE,2025,Z3
1298,2025-04-25,2025,6,12,3,,"MANGUERA HIDRÁULICA COVALCA DE 1 1/4"" A 4714 PSI, EXTREMA PRESIÓN 4SH, SAE 100R12 FLUIDOS HIDRÁULICOS, 4 MALLAS ESPIRALADAS, SERIE 71/43",0.71,MT,,563.473,126.9798,653.6287,TRUE,POR CONFIRMAR,FALSE,2025,Z3
1299,2025-04-25,2025,6,19,3,,"CONEXIÓN CRIMPABLE CODO 45 HEMBRA JIC 37 FLARE DE 1 1/4"" X 1 1/4"" ID. MANGUERA, COVALCA, SERIE FJ, ACERO, (13771-20-20-I)",1,PZA,,1029.041,164.6466,1193.6876,TRUE,POR CONFIRMAR,FALSE,2025,Z3
1300,2025-04-25,2025,6,19,3,,O-RING PARA BRIDA #16 CODE.61-CODE.62,2,PZA,,14.3598,1.1488,16.6574,TRUE,POR CONFIRMAR,FALSE,2025,Z3
1301,2025-04-14,2025,6,4,2,,ACEITE HIDRÁULICO MEXLUB 19 LTS,1,PZA,,917.5,146.8,1064.3,TRUE,POR CONFIRMAR,FALSE,2025,Z3
1302,2025-04-14,2025,6,4,2,,ACEITE HIDRÁULICO MEXLUB 19 LTS,1,PZA,,917.5,146.8,1064.3,TRUE,POR CONFIRMAR,FALSE,2025,Z3
1303,2025-05-05,2025,6,4,2,,ACEITE HIDRÁULICO MEXLUB 19 LTS,1,PZA,,872.12,139.5392,1011.6592,TRUE,POR CONFIRMAR,FALSE,2025,Z3
1304,2025-04-25,2025,6,19,3,,"CONEXIÓN CRIMPABLE CODO 45 HEMBRA JIC 37 FLARE DE 1 1/4"" X 1 1/4"" ID. MANGUERA, PARKER, SERIE 71, ACERO",0.5,PZA,,1054.2609,337.3635,1222.9426,TRUE,POR CONFIRMAR,FALSE,2025,Z3
1305,2025-04-25,2025,6,12,3,,"MANGUERA HIDRÁULICA COVALCA DE 1 1/4"" A 4714 PSI, EXTREMA PRESIÓN 4SH, SAE 100R12 FLUIDOS HIDRÁULICOS, 4 MALLAS ESPIRALADAS, SERIE 71/43",0.71,MT,,563.473,126.9798,653.6287,TRUE,POR CONFIRMAR,FALSE,2025,Z3
1306,2025-04-25,2025,6,19,3,,"CONEXIÓN CRIMPABLE HEMBRA JIC 37 FLARE DE 1 1/4"" X 1 1/4"" ID. MANGUERA, COVALCA, SERIE FJ, ACERO (10671-20-20-CV)",1,PZA,,636.142,101.7827,737.9247,TRUE,POR CONFIRMAR,FALSE,2025,Z3
1307,2025-01-08,2025,6,19,142,,PORTA FUSIBLE CLAVIJA LW C/CABLE=9662,4,PZA,,432.0,17.28,501.12,TRUE,POR CONFIRMAR,FALSE,2025,Z3
1308,2025-01-08,2025,6,19,142,,FUSIBLE 30A CLAVIJA VERDE LITTELFU=3951,15,PZA,,36.0,0.384,41.76,TRUE,POR CONFIRMAR,FALSE,2025,Z3
1309,2025-01-08,2025,6,19,142,,FUSIBLE 25A CLAVIJA CLARO=2722,15,PZA,,36.0,0.384,41.76,TRUE,POR CONFIRMAR,FALSE,2025,Z3
1310,2025-01-08,2025,6,19,142,,SILIJET LIMPIADOR EPLUS MT027 170ML,2,PZA,,158.0,12.64,183.28,TRUE,POR CONFIRMAR,FALSE,2025,Z3
1311,2025-02-12,2025,6,12,3,,"Manguera Hidraulica Parker de 1/4 pulg. a 3000 PSI, Alta Presion, Fluidos Hid/Aceit es, Caucho/Trenza acero, Serie 43",2.5,MT,,508.448,32.5407,589.7997,TRUE,POR CONFIRMAR,FALSE,2025,Z3
1312,2025-02-12,2025,6,12,3,,"Manguera Hidraulica Parker de 1/4 pulg. a 3000 PSI, Alta Presion, Fluidos Hid/Aceit es, Caucho/Trenza acero, Serie 43",2.5,MT,,508.448,32.5407,589.7997,TRUE,POR CONFIRMAR,FALSE,2025,Z3
1313,2025-02-12,2025,6,19,3,,"Conexion Crimpable HYD para manguera alta presion de 1/4 x 1/4"" hembra gitator a Fler Acero",2,PZA,,89.208,7.1366,103.4813,TRUE,POR CONFIRMAR,FALSE,2025,Z3
1314,2025-04-04,2025,6,4,14,,ACEITE HIDRÁULICO ISO 68 ROSHFRANS CUBETA 19 LTS,4,PZA,,4603.44,184.1376,5339.9904,TRUE,POR CONFIRMAR,FALSE,2025,Z3
1315,2025-04-04,2025,6,4,14,,ACEITE DIESEL SAE 15W40 CUBETA 19 LTS,1,PZA,,1606.62,257.0592,1863.6792,TRUE,POR CONFIRMAR,FALSE,2025,Z3
1316,2025-04-23,2025,6,4,14,,ACEITE HIDRÁULICO ISO 68 LTH CUBETA 19 LTS,2,PZA,,1551.72,124.1376,1799.9952,TRUE,POR CONFIRMAR,FALSE,2025,Z3
1317,2025-04-23,2025,6,4,14,,ACEITE HIDRÁULICO ISO 68 LTH CUBETA 19 LTS,1,PZA,,775.86,124.1376,899.9976,TRUE,POR CONFIRMAR,FALSE,2025,Z3
1318,2025-02-12,2025,6,19,3,,"Conexion Crimpable HYD para manguera alta presion de 1/4"" x 1/4"" Fler Macho Ac ero",2,PZA,,78.1452,6.2516,90.6484,TRUE,POR CONFIRMAR,FALSE,2025,Z3
1319,2025-02-20,2025,6,19,28,,PICA 7/8 - MARCA SOLLAMI -025,50,PZA,,9000.0,28.8,10440.0,TRUE,POR CONFIRMAR,FALSE,2025,Z3
1320,2025-07-30,2025,6,19,32,,TOR. GRADO-5 C/HEX. 3/4 X 3 1/2 FINO,60,PZA,,1327.2,3.5392,1539.552,TRUE,POR CONFIRMAR,FALSE,2025,Z3
1321,2025-07-30,2025,6,19,32,,ARANDELA PLANA ESTRUCTURAL F436 3/4,120,PZA,,216.0,0.288,250.56,TRUE,POR CONFIRMAR,FALSE,2025,Z3
1322,2025-07-30,2025,6,19,32,,TUERCA GRADO 5 FINA 3/4,60,PZA,,325.2,0.8672,377.232,TRUE,POR CONFIRMAR,FALSE,2025,Z3
1323,2025-07-31,2025,6,19,40,,CODO HULE,1,PZA,,208.0,33.28,241.28,TRUE,POR CONFIRMAR,FALSE,2025,Z3
1324,2025-07-31,2025,6,19,40,,ABRAZADERA PARA ESCAPE,1,PZA,,56.0,8.96,64.96,TRUE,POR CONFIRMAR,FALSE,2025,Z3
1325,2025-07-17,2025,6,19,28,,MATERIALES,1,SVOS,,800.0,128.0,928.0,TRUE,POR CONFIRMAR,FALSE,2025,Z3
1326,2025-06-02,2025,6,19,78,,ABRAZADERA REFORZADA,2,PZA,,18.96,1.5168,21.9936,TRUE,POR CONFIRMAR,FALSE,2025,Z3
1327,2025-07-17,2025,6,13,28,,MANO DE OBRA PERSONAL TÉCNICO,1,SVOS,,6200.0,992.0,7192.0,TRUE,POR CONFIRMAR,FALSE,2025,Z3
1328,2025-06-02,2025,6,11,125,,PARCHE AL4,1,PZA,,43.1,6.896,49.996,TRUE,POR CONFIRMAR,FALSE,2025,Z3
1329,2025-07-17,2025,6,13,28,,TRASLADO PERSONAL TÉCNICO,1,SVOS,,1000.0,160.0,1160.0,TRUE,POR CONFIRMAR,FALSE,2025,Z3
1330,2025-06-02,2025,6,11,125,,PARCHE XP2 REFORZADO,1,PZA,,60.34,9.6544,69.9944,TRUE,POR CONFIRMAR,FALSE,2025,Z3
1331,2025-04-04,2025,6,13,28,,SERVICIO ESPECIAL (ENVÍO PICAS),1,SVOS,,300.0,48.0,348.0,TRUE,POR CONFIRMAR,FALSE,2025,Z3
1332,2025-03-20,2025,6,13,26,,"CAMBIO DE MANGUERAS PRINCIPALES DEL DISCO, OFICINA [INTERNO]",1,SVOS,,1600.0,256.0,1856.0,FALSE,POR CONFIRMAR,FALSE,2025,Z3
1333,2025-03-20,2025,6,13,26,,"REPARACIÓN DE 3 CILINDROS, OFNA [INTERNO]",1,SVOS,,3600.0,576.0,4176.0,FALSE,POR CONFIRMAR,FALSE,2025,Z3
1334,2025-04-04,2025,6,13,26,,"RESCATE EN CAMPO, OBRA LAS AMÉRICAS, PÉRDIDA DE HIDRÁULICO Y FUERZA EN DISCO",1,SVOS,,2000.0,320.0,2320.0,FALSE,POR CONFIRMAR,FALSE,2025,Z3
1335,2025-04-20,2025,6,13,26,,"REPARACIÓN DE FUGAS, DIAGNÓSTICO Y BAJADA DE BOMBA HIDRÁULICA",1,SVOS,,5000.0,800.0,5800.0,FALSE,POR CONFIRMAR,FALSE,2025,Z3
1336,2025-06-02,2025,6,11,125,,PARCHE AL4,1,PZA,,43.1,6.896,49.996,TRUE,POR CONFIRMAR,FALSE,2025,Z3
1337,2025-06-02,2025,6,11,125,,PARCHE XP2 REFORZADO,1,PZA,,60.34,9.6544,69.9944,TRUE,POR CONFIRMAR,FALSE,2025,Z3
1338,2025-06-13,2025,6,11,125,,PARCHE XP0 REFORZADO,1,PZA,,51.72,8.2752,59.9952,TRUE,POR CONFIRMAR,FALSE,2025,Z3
1339,2025-04-29,2025,6,13,26,,REPARACIÓN DE BOMBA HIDRÁULICA,1,SVOS,,12000.0,1920.0,13920.0,FALSE,POR CONFIRMAR,FALSE,2025,Z3
1340,2025-03-29,2025,6,4,2,,ACEITE HIDRÁULICO MEXLUB 19 LTS,1,PZA,,872.12,139.5392,1011.6592,TRUE,POR CONFIRMAR,FALSE,2025,Z3
1341,2025-06-18,2025,6,19,2,,TAPÓN PARA RADIADOR 16 LBS,1,PZA,,115.31,18.4496,133.7596,TRUE,POR CONFIRMAR,FALSE,2025,Z3
1342,2025-06-05,2025,6,19,32,,TOR. GRADO 8 C/HEX STD 5/8 X 4 1/2,4,PZA,,130.5946,5.2238,151.4897,TRUE,POR CONFIRMAR,FALSE,2025,Z3
1343,2025-06-05,2025,6,19,32,,ARANDELA PLANA ESTRUCTURAL F436 5/8,8,PZA,,21.376,0.4275,24.7962,TRUE,POR CONFIRMAR,FALSE,2025,Z3
1344,2025-06-05,2025,6,19,32,,TUERCA INSERTO DE NYLON STD 5/8,4,PZA,,28.648,1.1459,33.2317,TRUE,POR CONFIRMAR,FALSE,2025,Z3
1345,2025-06-05,2025,6,19,32,,TOR FLANGE CABEZA HEX. 10.9 - M.M - 12X25,4,PZA,,38.408,1.5363,44.5533,TRUE,POR CONFIRMAR,FALSE,2025,Z3
1346,2025-06-05,2025,6,19,32,,TUERCA CAMPANA FLOTANTE M20X1.5 HEX 30MM,4,PZA,,167.96,6.7184,194.8336,TRUE,POR CONFIRMAR,FALSE,2025,Z3
1347,2025-06-06,2025,6,12,3,,"MANGUERA HIDRÁULICA PARKER DE 3/4 "" A 3100 PSI, ALTA PRESIÓN, SAE100R23, FLUIDOS HI/ACEITES, 2 MALLAS, SERIE 43/30",1.23,MT,,452.3724,58.8452,524.7519,TRUE,POR CONFIRMAR,FALSE,2025,Z3
1348,2025-06-06,2025,6,19,3,,"CONEXIÓN CRIMPABLE HEMBRA JIC 37 FLARE DE 3/4"" X 3/4"" ID MANGUERA PARKER, SERIE 43, ACERO",2,PZA,,644.6592,51.5727,747.8047,TRUE,POR CONFIRMAR,FALSE,2025,Z3
1349,2025-06-04,2025,6,12,3,,"MANGUERA HIDRÁULICA PARKER DE 1/4"" A 5800 PSI, ALTA PRESIÓN, SAE100R2, FLUIDOS HID/ACEITES, 2 MALLAS, SERIE 43/30",0.52,MT,,108.7724,33.4684,126.1759,TRUE,POR CONFIRMAR,FALSE,2025,Z3
1350,2025-06-04,2025,6,19,3,,"CONEXIÓN CRIMPABLE CODO 90 CORTO HEMBRA JIC 37 FLARE DE 1/4 "" X 1/4"" ID. MANGUERA, PARKER, SERIE 43, ACERO",1,PZA,,331.0208,52.9633,383.9841,TRUE,POR CONFIRMAR,FALSE,2025,Z3
1351,2025-06-04,2025,6,19,3,,"CONEXIÓN CRIMPABLE CODO 90 CORTO HEMBRA JIC 37 FLARE DE 3/8"" X 1/4 "". ID MANGUERA, PARKER, SERIE 43, ACERO",1,PZA,,417.5489,66.8078,484.3567,TRUE,POR CONFIRMAR,FALSE,2025,Z3
1352,2025-06-09,2025,6,19,14,,FILTRO COMBUSTIBLE P-550848 DONALDSON (FS19732),1,PZA,,519.51,83.1216,602.6316,TRUE,POR CONFIRMAR,FALSE,2025,Z3
1353,2025-06-09,2025,6,19,14,,FILTRO COMBUSTIBLE P-550881 DONALDSON (FF5421),1,PZA,,398.54,63.7664,462.3064,TRUE,POR CONFIRMAR,FALSE,2025,Z3
1354,2025-04-15,2025,6,13,3,,SOLDADURA ACERO INOXIDABLE,2,SVOS,,610.64,48.8512,708.3424,TRUE,POR CONFIRMAR,FALSE,2025,Z3
1355,2025-03-24,2025,6,12,143,,MANGUERA ISO SAE100R15 60,6.7,MT,,9575.573,228.6704,11107.6647,FALSE,POR CONFIRMAR,FALSE,2025,Z3
1356,2025-03-24,2025,6,19,143,,CONECTOR HEMBRA JIC 20-20 P/6,4,PZA,,2887.2,115.488,3349.152,FALSE,POR CONFIRMAR,FALSE,2025,Z3
1357,2025-03-27,2025,6,19,32,,TOR. GRADO-5 C/HEX. 3/4 X 3 1/2 FINO,60,PZA,,1759.2,4.6912,2040.672,TRUE,POR CONFIRMAR,FALSE,2025,Z3
1358,2025-03-27,2025,6,19,32,,TOR. ALLEN C/PLANA MM 6 x 16,10,PZA,,8.4,0.1344,9.744,TRUE,POR CONFIRMAR,FALSE,2025,Z3
1359,2025-03-27,2025,6,19,32,,ARANDELA PLANA ESTRUCTURAL F436 3/4,120,PZA,,325.8,0.4344,377.928,TRUE,POR CONFIRMAR,FALSE,2025,Z3
1360,2025-03-27,2025,6,19,32,,TUERCA GRIPCO G-8 3/4 FINO - ©,60,PZA,,703.2,1.8752,815.712,TRUE,POR CONFIRMAR,FALSE,2025,Z3
1361,2025-03-20,2025,6,19,3,,ADAPTADOR TAPON HEXAGONAL PARKER DE ACERO MACHO SAE 8 O-RING,2,PZA,,45.074,3.6059,52.2858,TRUE,POR CONFIRMAR,FALSE,2025,Z3
1362,2025-03-28,2025,6,19,105,,"DISCO TIPO 41 DE 4 1/2"" X 1.2 MM CORTE FINO DE METAL, SABLE",2,PZA,,26.0,2.08,30.16,FALSE,POR CONFIRMAR,FALSE,2025,Z3
1363,2025-04-25,2025,6,13,3,,SOLDADURA ACERO INOXIDABLE,2,PZA,,625.0,50.0,725.0,TRUE,POR CONFIRMAR,FALSE,2025,Z3
1364,2025-03-28,2025,6,19,78,,"DISCO PARA CORTE DE METAL, TIPO 1, DIAMETRO 4-1/2""",2,PZA,,24.7,1.976,28.652,TRUE,POR CONFIRMAR,FALSE,2025,Z3
1365,2025-05-28,2025,6,19,78,,TERMINAL DE LATÓN PARA BATERÍA POSTE SUPERIOR,2,PZA,,163.78,13.1024,189.9848,TRUE,POR CONFIRMAR,FALSE,2025,Z3
1366,2025-05-08,2025,6,19,3,,"ADAPTADOR CODO 45 PARKER DE ACERO MACHO JIC 37 FLARE DE 1 1/4"". X MACHO SAE 20 0-RING",1,PZA,,1051.7346,168.2775,1220.0121,TRUE,POR CONFIRMAR,FALSE,2025,Z3
1367,2025-05-24,2025,6,4,2,,ACEITE HIDRÁULICO MEXLUB 19 LTS,1,PZA,,872.12,139.5392,1011.6592,TRUE,POR CONFIRMAR,FALSE,2025,Z3
1368,2025-05-24,2025,6,4,2,,ANTICONGELANTE ECN ECO 120,1,PZA,,239.48,38.3168,277.7968,TRUE,POR CONFIRMAR,FALSE,2025,Z3
1369,2025-05-24,2025,6,4,2,,ACEITE HIDRÁULICO MEXLUB 19 LTS,1,PZA,,872.12,139.5392,1011.6592,TRUE,POR CONFIRMAR,FALSE,2025,Z3
1370,2025-09-04,2025,6,19,2,,BANDA MICRO-V (PARA VENTILADOR DE MOTOR),1,PZA,,543.14,86.9024,630.0424,TRUE,POR CONFIRMAR,FALSE,2025,Z3
1371,2025-10-07,2025,6,4,144,,CARGA DE DIESEL ZANJADORA POR RENTA EN SORENNA (ÁNGEL RUIZ),127.784,LT,,3500.0038,4.3824,4060.0044,FALSE,POR CONFIRMAR,FALSE,2025,Z3
1372,2025-10-08,2025,6,4,144,,CARGA DE DIESEL ZANJADORA POR RENTA EN SORENNA (ÁNGEL RUIZ),73.019,LT,,1999.9904,4.3824,2319.9889,FALSE,POR CONFIRMAR,FALSE,2025,Z3
1373,2025-10-08,2025,6,4,145,,CARGA DE DIESEL ZANJADORA POR RENTA EN SORENNA (ÁNGEL RUIZ),36.576,LT,,999.9878,4.3744,1159.9859,FALSE,POR CONFIRMAR,FALSE,2025,Z3
1374,2025-10-09,2025,6,4,146,,CARGA DE DIESEL ZANJADORA POR RENTA EN SORENNA (ÁNGEL RUIZ),127.784,LT,,3500.0038,4.3824,4060.0044,FALSE,POR CONFIRMAR,FALSE,2025,Z3
1375,2025-10-10,2025,6,4,144,,CARGA DE DIESEL ZANJADORA POR RENTA EN SORENNA (ÁNGEL RUIZ),73.019,LT,,1999.9904,4.3824,2319.9889,FALSE,POR CONFIRMAR,FALSE,2025,Z3
1376,2025-10-10,2025,6,4,2,,ACEITE HIDRAULICO H-300 (ISO 68) C/19 LTS MEXLUB,1,PZA,,872.12,139.5392,1011.6592,TRUE,POR CONFIRMAR,FALSE,2025,Z3
1377,2025-06-04,2025,6,13,26,,"RETIRO DE MANGUERA HIDRÁULICA, CORECCIÓN DE MOTOR HIDRÁULICO, ACOMODO DE MANGUERA HIDRÁULICA",1,SVOS,,2100.0,336.0,2436.0,FALSE,POR CONFIRMAR,FALSE,2025,Z3
1378,2025-06-24,2025,6,13,26,,REGULACIÓN DE PRESIONES HIDRÁULICAS,1,SVOS,,1200.0,192.0,1392.0,FALSE,POR CONFIRMAR,FALSE,2025,Z3
1379,2025-06-25,2025,6,13,26,,"LAVADO DE RADIADORES (POST-ENFRIADOR, ANTICONGELANTE E HIDRÁULICO)",1,SVOS,,1200.0,192.0,1392.0,FALSE,POR CONFIRMAR,FALSE,2025,Z3
1380,2025-06-02,2025,6,13,26,,SALDO POR REPARACIÓN DE MÁQUINA,1,SVOS,,15948.2759,2551.7241,18500.0,FALSE,POR CONFIRMAR,FALSE,2025,Z3
1381,2025-11-12,2025,6,13,147,,"DESARMADO, LIMPIEZA, CAMBIO DE SELLOS Y CALIBRACIÓN VÁLVULAS PARKER, FV-5748-AAK (MANIFOLD DISCO)",1,SVOS,,2600.0,416.0,3016.0,TRUE,POR CONFIRMAR,FALSE,2025,Z3
1382,2025-05-21,2025,6,19,148,,PORTAPICAS,4,PZA,,1160.0,46.4,1345.6,FALSE,POR CONFIRMAR,FALSE,2025,Z3
1383,2025-12-01,2025,6,4,149,,ACEITE HIDRÁULICO RALOY HIDRALOY 300 (ISO VG 68) CUBETA 19 LTS,6,PZA,,4443.96,118.5056,5154.9936,TRUE,POR CONFIRMAR,FALSE,2025,Z3
1384,2025-12-01,2025,6,19,149,,FILTRO HIDRÁULICO PRINCIPAL P565245 DONALDSON,1,PZA,,513.56,82.1696,595.7296,TRUE,POR CONFIRMAR,FALSE,2025,Z3
1385,2025-12-01,2025,6,19,149,,FILTRO HIDRÁULICO SECUNDARIO P164381 DONALDSON,2,PZA,,1610.72,128.8576,1868.4352,TRUE,POR CONFIRMAR,FALSE,2025,Z3
1386,2025-12-09,2025,6,19,170,,VÁLVULA PILOTO DE CONTROL DE PRESIÓN (PCP # PARTE MCV116G4204),1,PZA,,1323.6466,211.7834,1535.43,TRUE,POR CONFIRMAR,FALSE,2025,Z3
1387,2026-01-02,2026,14,2,135,,VIAJE MID-VALLADO FRANCISCO,41.17,LT,24.29,24.29,160.0031,1000.0193,FALSE,TRANSFERENCIA [INTERNO],FALSE,2026,REGISTRO
1388,2026-01-02,2026,14,2,135,,VIAJE VALLAD-MID FRANCISCO,41.17,LT,24.29,24.29,160.0031,1000.0193,FALSE,TRANSFERENCIA [INTERNO],FALSE,2026,REGISTRO
1389,2026-01-02,2026,15,2,135,,DILIGENCIAS ADMON JORGE,41.68,LT,23.99,23.99,159.9845,999.9032,FALSE,TRANSFERENCIA [INTERNO],FALSE,2026,REGISTRO
1390,2026-01-02,2026,13,2,135,,DILIGENCIAS LUCIO,41.68,LT,23.99,23.99,159.9845,999.9032,FALSE,TRANSFERENCIA [INTERNO],FALSE,2026,REGISTRO
1391,2026-01-03,2026,1,2,135,,PRUEBAS COMPRESOR,47.06,LT,27.39,27.39,206.2357,1288.9734,FALSE,TRANSFERENCIA [INTERNO],FALSE,2026,REGISTRO
1396,2026-01-03,2026,20,18,151,,REEMBOLSO TOTALPLAY,1,SVOS,836.2068965517242,836.2069,133.7931,970.0,FALSE,EFECTIVO,FALSE,2026,REGISTRO
1397,2026-01-04,2026,20,14,103,,COMPRAS MAQUINARIA PAPELERÍA,1,PZA,1293.1034,1293.1034,206.8965,1499.9999,FALSE,EFECTIVO,FALSE,2026,REGISTRO
1398,2026-01-05,2026,1,2,135,,PRUEBAS COMPRESOR,109.53,LT,27.39,27.39,480.0043,3000.0267,FALSE,TRANSFERENCIA [INTERNO],FALSE,2026,REGISTRO
1399,2026-01-05,2026,1,13,152,,"DESARMADO DE MOTOR, REVISIÓN Y REPARACIÓN DE CAMISAS, PISTONES, ANILLOS Y ARMADO DE NUEVO, ARRANQUE SALDO",1,PZA,7500.0,7500.0,1200.0,8700.0,TRUE,TRANSFERENCIA [INTERNO],FALSE,2026,REGISTRO
1400,2026-01-05,2026,1,19,152,,DIAFRAGMA DE REGULADOR DE AIRE,1,PZA,2400.0,2400.0,384.0,2784.0,TRUE,TRANSFERENCIA [INTERNO],FALSE,2026,REGISTRO
1401,2026-01-05,2026,1,13,152,,INSTALACIÓN DE BOTÓN DE ACTIVACIÓN DE BOBINA DE PARO DE MOTOR,1,PZA,600.0,600.0,96.0,696.0,TRUE,TRANSFERENCIA [INTERNO],FALSE,2026,REGISTRO
1402,2026-01-05,2026,1,19,152,,PISTÓN DE ADMISIÓN USADO EN CONDICIONES DE FUNCIONAMIENTIO,1,PZA,2800.0,2800.0,448.0,3248.0,TRUE,TRANSFERENCIA [INTERNO],FALSE,2026,REGISTRO
1403,2026-01-05,2026,14,2,135,,VIAJE MID-VALLADO FRANCISCO,41.68,LT,23.99,23.99,159.9845,999.9032,FALSE,TRANSFERENCIA [INTERNO],FALSE,2026,REGISTRO
1404,2026-01-06,2026,9,11,153,,SERVICIO DE LLANTA RIN 15,1,PZA,86.21,86.21,13.7936,100.0036,TRUE,TRANSFERENCIA [INTERNO],FALSE,2026,REGISTRO
1405,2026-01-06,2026,9,11,153,,PARCHE AL2,1,PZA,25.86,25.86,4.1376,29.9976,TRUE,TRANSFERENCIA [INTERNO],FALSE,2026,REGISTRO
1406,2026-01-06,2026,9,11,153,,SERVICIO DE LLANTA RIN 14,1,PZA,86.21,86.21,13.7936,100.0036,TRUE,TRANSFERENCIA [INTERNO],FALSE,2026,REGISTRO
1407,2026-01-06,2026,9,11,153,,VALVULA 413 PARA AUTO/CAMIONETA,1,PZA,34.48,34.48,5.5168,39.9968,TRUE,TRANSFERENCIA [INTERNO],FALSE,2026,REGISTRO
1408,2026-01-06,2026,1,19,5,,JUEGO DE ANILLOS TORICOS,4,PZA,240.25,240.25,153.76,1114.76,TRUE,TRANSFERENCIA [INTERNO],FALSE,2026,REGISTRO
1409,2026-01-06,2026,1,19,5,,85199 SELLO/ARANDELA,8,PZA,30.25,30.25,38.72,280.72,TRUE,TRANSFERENCIA [INTERNO],FALSE,2026,REGISTRO
1410,2026-01-06,2026,1,19,5,,JUEGO RE531438 (JUEGO DE BOQUILLAS PARA INYECTORES),2,PZA,656.25,656.25,210.0,1522.5,TRUE,TRANSFERENCIA [INTERNO],FALSE,2026,REGISTRO
1411,2026-01-06,2026,17,2,135,,CARGA GENERADOR,20.84,LT,23.99,23.99,79.9923,499.9516,FALSE,TRANSFERENCIA [INTERNO],FALSE,2026,REGISTRO
1412,2026-01-06,2026,20,3,151,,APOYO ARCHIE TALLER ARMANDO,1,PZA,250.0,250.0,40.0,290.0,FALSE,EFECTIVO,FALSE,2026,REGISTRO
1413,2026-01-06,2026,13,2,135,,VISITA OBRA LUCIO,41.68,LT,23.99,23.99,159.9845,999.9032,FALSE,TRANSFERENCIA [INTERNO],FALSE,2026,REGISTRO
1414,2026-01-06,2026,9,2,144,,"CARGA ATTITUDE, VISITA TALLERES, COMPRAS",22.92621,LT,23.99,23.99,88.0,549.9998,FALSE,EFECTIVO,FALSE,2026,REGISTRO
1415,2026-01-07,2026,18,2,144,,"CARGA MARCH 02, [EMPLEADO INTERNO] TALLER ARMANDO Z3",19.174656,LT,23.99,23.99,73.6,460.0,FALSE,EFECTIVO,FALSE,2026,REGISTRO
1416,2026-01-07,2026,14,2,135,,VALLADOLID FRANCISCO,41.68,LT,23.99,23.99,159.9845,999.9032,FALSE,TRANSFERENCIA [INTERNO],FALSE,2026,REGISTRO
1417,2026-01-07,2026,15,2,135,,DILIGENCIAS MAQUINARIA [EMPLEADO INTERNO],29.18,LT,23.99,23.99,112.0045,700.0282,FALSE,TRANSFERENCIA [INTERNO],FALSE,2026,REGISTRO
1418,2026-01-07,2026,6,19,13,,"BACK-UP NB-90 RESPALDO P/O-RING #236 D.I.3-1/4""",2,PZA,46.02,46.02,14.7264,106.7664,TRUE,TRANSFERENCIA [INTERNO],FALSE,2026,REGISTRO
1419,2026-01-07,2026,6,19,13,,MKR SELLO P/PISTON INTERIOR TEFLON 75X90.5X5.9,2,PZA,244.33,244.33,78.1856,566.8456,TRUE,TRANSFERENCIA [INTERNO],FALSE,2026,REGISTRO
1420,2026-01-07,2026,6,19,13,,"ANILLO LIMPIADOR DS P/CILINDROS DE 1-3/$"" D.I.",2,PZA,156.52,156.52,50.0864,363.1264,TRUE,TRANSFERENCIA [INTERNO],FALSE,2026,REGISTRO
1421,2026-01-07,2026,6,19,13,,"O-RING #2-236 D.I. 3-1/4"" D.E. 3-1/2"" SECC. 1/8""",2,PZA,24.86,24.86,7.9552,57.6752,TRUE,TRANSFERENCIA [INTERNO],FALSE,2026,REGISTRO
1422,2026-01-07,2026,6,19,13,,"O-RING # 2-027 D.I. 1-5/16"" D.E. 1-7/16"" SECC. 1/16""",2,PZA,7.2,7.2,2.304,16.704,TRUE,TRANSFERENCIA [INTERNO],FALSE,2026,REGISTRO
1423,2026-01-07,2026,6,19,13,,"POLYSEAL B (1/4""X3""X3-1/2"") #25003000-375",4,PZA,348.93,348.93,223.3152,1619.0352,TRUE,TRANSFERENCIA [INTERNO],FALSE,2026,REGISTRO
1424,2026-01-08,2026,15,2,135,,DILIGENCIAS LUCIO CBP,41.17,LT,24.29,24.29,160.0031,1000.0193,FALSE,TRANSFERENCIA [INTERNO],FALSE,2026,REGISTRO
1425,2026-01-09,2026,1,4,149,,RALOY RL-10 (50%) C-19LT,1,PZA,600.58,600.58,96.0928,696.6728,TRUE,TRANSFERENCIA [INTERNO],FALSE,2026,REGISTRO
1426,2026-01-09,2026,18,2,135,,[EMPLEADO INTERNO] MAQUINARIA COMPRAS,25.01,LT,23.99,23.99,95.9984,599.9899,FALSE,TRANSFERENCIA [INTERNO],FALSE,2026,REGISTRO
1427,2026-01-09,2026,14,2,135,,DILIGENCIAS VALLADOLID FRANCISCO,41.68,LT,23.99,23.99,159.9845,999.9032,FALSE,TRANSFERENCIA [INTERNO],FALSE,2026,REGISTRO
1428,2026-01-09,2026,6,4,149,,RALOY HIDRALOY 300 C-19LT,3,PZA,740.66,740.66,355.5168,2577.4968,TRUE,TRANSFERENCIA [INTERNO],FALSE,2026,REGISTRO
1431,2026-01-10,2026,2,2,135,,GRÚA VIAJE VALLADOLID,127.8,LT,27.39,27.39,560.0707,3500.442,FALSE,TRANSFERENCIA [INTERNO],FALSE,2026,REGISTRO
1432,2026-01-10,2026,2,22,151,,TRABAJOS GRÚA ALDEA VALLADOLID,11,SVOS,732.75862,732.7586,1289.6552,9350.0,FALSE,TRANSFERENCIA [INTERNO],FALSE,2026,REGISTRO
1435,2026-01-10,2026,9,2,151,,"CARGA ATTITUDE, VISITA TALLERES, COMPRAS",19.178824,LT,23.99,23.99,73.616,460.1,FALSE,EFECTIVO,FALSE,2026,REGISTRO
1436,2026-01-12,2026,1,22,151,,DESCARGA PLUVIAL 12M,1,SVOS,3017.24137931,3017.2414,482.7586,3500.0,FALSE,TRANSFERENCIA [INTERNO],FALSE,2026,REGISTRO
1437,2026-01-12,2026,1,2,135,,TRABAJOS COMPRESOR CBP,25.96,LT,27.39,27.39,113.7671,711.0444,FALSE,TRANSFERENCIA [INTERNO],FALSE,2026,REGISTRO
1438,2026-01-12,2026,7,2,135,,TRABAJOS COMPRESOR CBP,62.53,LT,23.99,23.99,240.0152,1500.0947,FALSE,TRANSFERENCIA [INTERNO],FALSE,2026,REGISTRO
1439,2026-01-12,2026,18,2,135,,[EMPLEADO INTERNO] MAQUINARIA PRUEBAS Z3,20.84,LT,23.99,23.99,79.9923,499.9516,FALSE,TRANSFERENCIA [INTERNO],FALSE,2026,REGISTRO
1440,2026-01-12,2026,14,2,135,,VIAJE MID-VALLADO FRANCISCO,41.68,LT,23.99,23.99,159.9845,999.9032,FALSE,TRANSFERENCIA [INTERNO],FALSE,2026,REGISTRO
1441,2026-01-12,2026,15,2,135,,DILIGENCIAS LUCIO CBP,41.68,LT,23.99,23.99,159.9845,999.9032,FALSE,TRANSFERENCIA [INTERNO],FALSE,2026,REGISTRO
1442,2026-01-12,2026,6,2,135,,PRUEBAS Z3 TALLER ARMANDO,73.02,LT,27.39,27.39,320.0028,2000.0178,FALSE,TRANSFERENCIA [INTERNO],FALSE,2026,REGISTRO
1443,2026-01-13,2026,1,22,151,,TIERRAS FÍSICAS CBP 9M,2,SVOS,2155.17241379,2155.1724,689.6552,5000.0,FALSE,TRANSFERENCIA [INTERNO],FALSE,2026,REGISTRO
1444,2026-01-13,2026,2,22,151,,TRABAJOS GRÚA ALDEA VALLADOLID,9,SVOS,732.75862,732.7586,1055.1724,7650.0,FALSE,TRANSFERENCIA [INTERNO],FALSE,2026,REGISTRO
1445,2026-01-13,2026,1,2,135,,TRABAJOS COMPRESOR CBP,73.02,LT,27.39,27.39,320.0028,2000.0178,FALSE,TRANSFERENCIA [INTERNO],FALSE,2026,REGISTRO
1446,2026-01-13,2026,2,2,135,,CARGA GRÚA CENMEX,127.78,LT,27.39,27.39,559.9831,3499.8942,FALSE,TRANSFERENCIA [INTERNO],FALSE,2026,REGISTRO
1447,2026-01-13,2026,19,2,135,,MOTOBOMBA VALLADOLID,20.84,LT,23.99,23.99,79.9923,499.9516,FALSE,TRANSFERENCIA [INTERNO],FALSE,2026,REGISTRO
1448,2026-01-13,2026,15,2,135,,DILIGENCIAS VALLADOLID FRANCISCO,41.68,LT,23.99,23.99,159.9845,999.9032,FALSE,TRANSFERENCIA [INTERNO],FALSE,2026,REGISTRO
1449,2026-01-14,2026,1,22,151,,TRABAJOS DE ROMPEDORA (POR HORA),2,SVOS,317.887931034,317.8879,101.7241,737.5,FALSE,TRANSFERENCIA [INTERNO],FALSE,2026,REGISTRO
1450,2026-01-14,2026,18,2,135,,DILIGENCIAS ADMON JORGE/DILIGENCIAS [EMPLEADO INTERNO],4.17,LT,23.99,23.99,16.0061,100.0383,FALSE,TRANSFERENCIA [INTERNO],FALSE,2026,REGISTRO
1451,2026-01-14,2026,4,19,154,,BOBINA FRENO DE ESTACIONAMIENTO (SOLENOIDE PARKING),1,PZA,2500.0,2500.0,400.0,2900.0,TRUE,TRANSFERENCIA [INTERNO],FALSE,2026,REGISTRO
1452,2026-01-14,2026,14,2,135,,DILIGENCIAS VALLADOLID FRANCISCO,41.68,LT,23.99,23.99,159.9845,999.9032,FALSE,TRANSFERENCIA [INTERNO],FALSE,2026,REGISTRO
1453,2026-01-15,2026,1,19,149,,FILTRO DE COMBUSTIBLE PRIMARIO P550105 DONALDSON,1,PZA,520.67,520.67,83.3072,603.9772,TRUE,TRANSFERENCIA [INTERNO],FALSE,2026,REGISTRO
1454,2026-01-15,2026,1,19,149,,FILTRO DE COMBUSTIBLE SECUNDARIO 33646 WIX,1,PZA,101.16,101.16,16.1856,117.3456,TRUE,TRANSFERENCIA [INTERNO],FALSE,2026,REGISTRO
1455,2026-01-15,2026,18,2,135,,"TALLER ARMANDO, COMPRAS MANGUERAS Y FILTROS",16.67,LT,23.99,23.99,63.9861,399.9133,FALSE,TRANSFERENCIA [INTERNO],FALSE,2026,REGISTRO
1456,2026-01-15,2026,6,12,3,,"MANGUERA HIDRÁULICA PARKER 1/4"" A 3000 PSI, ALTA PRESIÓN, SERIE 43",4.93,MT,203.3792,203.3792,160.4255,1163.085,TRUE,TRANSFERENCIA [INTERNO],FALSE,2026,REGISTRO
1457,2026-01-15,2026,6,12,3,,"CONEXIÓN CRIMPABLE HYD PARA MANGUERA ALTA PRESIÓN DE 1/4""x1/4"" HEMBRA",1,PZA,54.684,54.684,8.7494,63.4334,TRUE,TRANSFERENCIA [INTERNO],FALSE,2026,REGISTRO
1458,2026-01-15,2026,6,12,3,,"CONEXIÓN CRIMPABLE HYD PARA MANGUERA ALTA PRESIÓN DE 1/4""x3/8"" HEMBRA",1,PZA,57.4812,57.4812,9.197,66.6782,TRUE,TRANSFERENCIA [INTERNO],FALSE,2026,REGISTRO
1459,2026-01-15,2026,6,12,3,,"MANGUERA HIDRÁULICA PARKER 1/4"" A 5800 PSI, ALTA PRESIÓN, SAE100R2, 2 MALLAS, SERIE 43/30",4.38,MT,209.1776,209.1776,146.5917,1062.7896,TRUE,TRANSFERENCIA [INTERNO],FALSE,2026,REGISTRO
1460,2026-01-15,2026,6,12,3,,"CONEXIÓN CRIMPABLE HYD PARA MANGUERA ALTA PRESIÓN DE 1/4""x1/4"" HEMBRA",2,PZA,54.468,54.468,17.4298,126.3658,TRUE,TRANSFERENCIA [INTERNO],FALSE,2026,REGISTRO
1461,2026-01-15,2026,6,12,3,,"MANGUERA HIDRÁULICA PARKER 1/4"" A 5800 PSI, ALTA PRESIÓN, SAE100R2, 2 MALLAS, SERIE 43/30",4.34,MT,209.1776,209.1776,145.2529,1053.0837,TRUE,TRANSFERENCIA [INTERNO],FALSE,2026,REGISTRO
1462,2026-01-15,2026,6,12,3,,"CONEXIÓN CRIMPABLE HYD PARA MANGUERA ALTA PRESIÓN DE 1/4""x1/4"" HEMBRA",2,PZA,54.684,54.684,17.4989,126.8669,TRUE,TRANSFERENCIA [INTERNO],FALSE,2026,REGISTRO
1463,2026-01-15,2026,6,12,3,,"MANGUERA HIDRÁULICA PARKER 3/4"" A 305 PSI, BAJA PRESIÓN, SAE100R4, SUCCIÓN Y RETORNO, SERIE 43/81/88",0.83,MT,106.03,106.03,14.0808,102.0857,TRUE,TRANSFERENCIA [INTERNO],FALSE,2026,REGISTRO
1464,2026-01-15,2026,6,12,3,,"CONEXIÓN CRIMPABLE HYD PARA MANGUERA ALTA PRESIÓN DE 3/4""x 3/4"" HEMBRA",2,PZA,123.9147,123.9147,39.6527,287.4821,TRUE,TRANSFERENCIA [INTERNO],FALSE,2026,REGISTRO
1465,2026-01-15,2026,6,12,3,,ABRAZADERA CON PERNO T DIXON DE ACERO INOXIDABLE SERIE 300 DE 1.594 PULG X 1.181 2 PULG,4,PZA,73.6203,73.6203,47.117,341.5982,TRUE,TRANSFERENCIA [INTERNO],FALSE,2026,REGISTRO
1466,2026-01-15,2026,6,12,3,,"MANGUERA HIDRÁULICA PARKER 1 1/4"" A 200 PSI, BAJA PRESIÓN, SAE100R4, SUCCIÓN Y RETORNO, SERIE 43/81/88",1.95,MT,1164.3683,1164.3683,363.2829,2633.8011,TRUE,TRANSFERENCIA [INTERNO],FALSE,2026,REGISTRO
1467,2026-01-15,2026,6,12,3,,"FERULA CRIMPABLE 1 1/4"", ACERO, SERIE FK, CAMISAS PARA MANGUERAS R1/R2/R16",2,PZA,200.0,200.0,64.0,464.0,TRUE,TRANSFERENCIA [INTERNO],FALSE,2026,REGISTRO
1468,2026-01-15,2026,6,12,3,,"MANGUERA HIDRÁULICA PARKER 1"" A 2400 PSI, ALTA PRESIÓN, SAE100R2, FLUIDOS HID/ACEITES, SERIE 43/30",0.79,MT,493.2224,493.2224,62.3433,451.989,TRUE,TRANSFERENCIA [INTERNO],FALSE,2026,REGISTRO
1469,2026-01-15,2026,6,12,3,,"CONEXIÓN CRIMPABLE HYD PARA MANGUERA ALTA PRESIÓN DE 1"" X 1"" HEMBRA GITATORA FLER ACERO",1,PZA,242.6004,242.6004,38.8161,281.4165,TRUE,TRANSFERENCIA [INTERNO],FALSE,2026,REGISTRO
1470,2026-01-15,2026,6,12,3,,"CONEXIÓN CRIMPABLE CODO 90 HEMBRA GIRATORIA JIC 37 FLARE 1"" X 1"". ID MANGUERA, COVALCA, SERIE FK, ACERO (13943-16-16-CV)",1,PZA,394.32,394.32,63.0912,457.4112,TRUE,TRANSFERENCIA [INTERNO],FALSE,2026,REGISTRO
1471,2026-01-15,2026,6,12,3,,"MANGUERA HIDRÁULICA PARKER 1"" A 2400 PSI, ALTA PRESIÓN, SAE100R2, FLUIDOS HID/ACEITES, SERIE 43/30",0.86,MT,493.2224,493.2224,67.8674,492.0387,TRUE,TRANSFERENCIA [INTERNO],FALSE,2026,REGISTRO
1472,2026-01-15,2026,6,12,3,,"CONEXIÓN CRIMPABLE CODO 90 HEMBRA GIRATORIA JIC 37 FLARE 1"" X 1"". ID MANGUERA, COVALCA, SERIE FK, ACERO (13943-16-16-CV)",1,PZA,394.31,394.31,63.0896,457.3996,TRUE,TRANSFERENCIA [INTERNO],FALSE,2026,REGISTRO
1473,2026-01-15,2026,6,12,3,,SERVICIO DE ARMADO DE MANGUERAS,1,SVOS,300.0,300.0,48.0,348.0,TRUE,TRANSFERENCIA [INTERNO],FALSE,2026,REGISTRO
1474,2026-01-15,2026,15,2,135,,"OMAR UAYMITÚN, CASA XIX UAY",41.68,LT,23.99,23.99,159.9845,999.9032,FALSE,TRANSFERENCIA [INTERNO],FALSE,2026,REGISTRO
1475,2026-01-16,2026,1,22,151,,TRABAJOS DE ROMPEDORA (POR HORA),1.4,SVOS,317.887931034,317.8879,71.2069,516.25,FALSE,TRANSFERENCIA [INTERNO],FALSE,2026,REGISTRO
1476,2026-01-16,2026,1,2,135,,TRABAJOS COMPRESOR CBP,73.02,LT,27.39,27.39,320.0028,2000.0178,FALSE,TRANSFERENCIA [INTERNO],FALSE,2026,REGISTRO
1477,2026-01-16,2026,19,2,135,,MOTOBOMBA VALLADOLID (TARJETA R1),20.84,LT,23.99,23.99,79.9923,499.9516,FALSE,TRANSFERENCIA [INTERNO],FALSE,2026,REGISTRO
1478,2026-01-16,2026,14,2,135,,VIAJE VALLAD-MID FRANCISCO,41.68,LT,23.99,23.99,159.9845,999.9032,FALSE,TRANSFERENCIA [INTERNO],FALSE,2026,REGISTRO
1479,2026-01-16,2026,15,2,135,,DILIGENCIAS LUCIO CBP,41.68,LT,23.99,23.99,159.9845,999.9032,FALSE,TRANSFERENCIA [INTERNO],FALSE,2026,REGISTRO
1480,2026-01-17,2026,1,20,155,,"POZO 6 M 4"" SAN JUAN GRANDE",1,SVOS,2155.1724137931037,2155.1724,344.8276,2500.0,FALSE,EFECTIVO,FALSE,2026,REGISTRO
1485,2026-01-17,2026,4,4,149,,ACEITE HIDRÁULICO CI-4 PLUS 15W40 C-19L,1,PZA,1243.23,1243.23,198.9168,1442.1468,TRUE,TRANSFERENCIA [INTERNO],FALSE,2026,REGISTRO
1487,2026-01-19,2026,20,6,78,,REGADERA ELÉCTRICA 4 TEMPERATURAS GRIS,1,PZA,262.93,262.93,42.0688,304.9988,TRUE,EFECTIVO,FALSE,2026,REGISTRO
1488,2026-01-19,2026,2,22,151,,TRABAJOS GRÚA CBP,5,SVOS,732.75862,732.7586,586.2069,4250.0,FALSE,TRANSFERENCIA [INTERNO],FALSE,2026,REGISTRO
1489,2026-01-19,2026,7,2,135,,"COTIZACIÓN MOFLE WP MOFLE (DON GEORGE, ALONSO NO VINO)",27.43,LT,23.99,23.99,105.2873,658.0457,FALSE,TRANSFERENCIA [INTERNO],FALSE,2026,REGISTRO
1490,2026-01-19,2026,2,2,135,,"GRÚA CARGA REGISTRO CENMEX, DESCARGA REGISTRO R6 CBP",127.78,LT,27.39,27.39,559.9831,3499.8942,FALSE,TRANSFERENCIA [INTERNO],FALSE,2026,REGISTRO
1491,2026-01-19,2026,18,2,135,,DILIGENCIAS MAQUINARIA [EMPLEADO INTERNO],36.64,LT,23.99,23.99,140.639,878.9936,FALSE,TRANSFERENCIA [INTERNO],FALSE,2026,REGISTRO
1492,2026-01-19,2026,14,2,135,,VIAJE MID-VALLADO FRANCISCO,11.34,LT,23.99,23.99,43.5275,272.0466,FALSE,TRANSFERENCIA [INTERNO],FALSE,2026,REGISTRO
1493,2026-01-19,2026,14,2,135,,VIAJE MID-VALLADO FRANCISCO,30.35,LT,23.99,23.99,116.4954,728.0965,FALSE,TRANSFERENCIA [INTERNO],FALSE,2026,REGISTRO
1494,2026-01-19,2026,15,2,135,,DILIGENCIAS LUCIO CBP,41.68,LT,23.99,23.99,159.9845,999.9032,FALSE,TRANSFERENCIA [INTERNO],FALSE,2026,REGISTRO
1495,2026-01-20,2026,1,22,151,,TRABAJOS DE ROMPEDORA (POR HORA),4.5,SVOS,317.887931034,317.8879,228.8793,1659.375,FALSE,TRANSFERENCIA [INTERNO],FALSE,2026,REGISTRO
1496,2026-01-20,2026,19,2,135,,MOTOBOMBA VALLADOLID (TARJETA R1),20.84,LT,23.99,23.99,79.9923,499.9516,FALSE,TRANSFERENCIA [INTERNO],FALSE,2026,REGISTRO
1497,2026-01-20,2026,15,2,135,,VIAJE MID-VALLADO FRANCISCO,41.17,LT,24.29,24.29,160.0031,1000.0193,FALSE,TRANSFERENCIA [INTERNO],FALSE,2026,REGISTRO
1498,2026-01-20,2026,6,2,135,,PRUEBAS Z3 TALLER ARMANDO,59.01,LT,27.39,27.39,258.6054,1616.2839,FALSE,TRANSFERENCIA [INTERNO],FALSE,2026,REGISTRO
1499,2026-01-21,2026,1,19,99,,TUBO FLEXIBLE X METRO (MOFLE),1,PZA,415.8,415.8,66.528,482.328,TRUE,EFECTIVO,FALSE,2026,REGISTRO
1500,2026-01-21,2026,1,19,99,,ABRAZADERA TSS-350-AT (MOFLE),2,PZA,146.0,146.0,46.72,338.72,TRUE,EFECTIVO,FALSE,2026,REGISTRO
1501,2026-01-21,2026,1,13,156,,"SERVICIO DE INSTALACIÓN DE MOFLE, SOLDADURA",1,SVOS,1100.0,1100.0,176.0,1276.0,TRUE,EFECTIVO,FALSE,2026,REGISTRO
1502,2026-01-21,2026,1,19,156,,COPLE DEL MOFLE,1,PZA,800.0,800.0,128.0,928.0,TRUE,EFECTIVO,FALSE,2026,REGISTRO
1503,2026-01-21,2026,1,2,135,,INSTALACIÓN DEL MOFLE EN TALLER,33.06,LT,23.99,23.99,126.8975,793.1094,FALSE,TRANSFERENCIA [INTERNO],FALSE,2026,REGISTRO
1504,2026-01-22,2026,1,22,151,,TRABAJOS DE ROMPEDORA (POR HORA),4.83,SVOS,317.887931034,317.8879,245.6638,1781.0625,FALSE,TRANSFERENCIA [INTERNO],FALSE,2026,REGISTRO
1505,2026-01-22,2026,1,2,135,,TRABAJOS ROMPEDORA CBP,73.02,LT,27.39,27.39,320.0028,2000.0178,FALSE,TRANSFERENCIA [INTERNO],FALSE,2026,REGISTRO
1506,2026-01-22,2026,7,2,135,,TRABAJOS ROMPEDORA CBP,35.39,LT,23.99,23.99,135.841,849.0061,FALSE,TRANSFERENCIA [INTERNO],FALSE,2026,REGISTRO
1507,2026-01-22,2026,14,2,135,,DILIGENCIAS VALLADOLID FRANCISCO,41.68,LT,23.99,23.99,159.9845,999.9032,FALSE,TRANSFERENCIA [INTERNO],FALSE,2026,REGISTRO
1508,2026-01-22,2026,15,2,135,,DILIGENCIAS LUCIO CBP,41.68,LT,23.99,23.99,159.9845,999.9032,FALSE,TRANSFERENCIA [INTERNO],FALSE,2026,REGISTRO
1509,2026-01-22,2026,9,2,151,,"VISITA TALLERES, COMPRAS",19.1788,LT,23.99,23.99,73.6159,460.0994,FALSE,EFECTIVO,FALSE,2026,REGISTRO
1510,2026-01-23,2026,1,22,151,,TRABAJOS COMPRESOR ALDEA VALLADOLID,3,SVOS,3017.2413793,3017.2414,1448.2759,10500.0,FALSE,TRANSFERENCIA [INTERNO],FALSE,2026,REGISTRO
1511,2026-01-23,2026,1,2,135,,TRABAJOS COMPRESOR ALDEA VALLADOLID,93.15,LT,26.84,26.84,400.0234,2500.146,FALSE,TRANSFERENCIA [INTERNO],FALSE,2026,REGISTRO
1512,2026-01-23,2026,7,2,135,,VIAJE COMPRESOR MID-VALLADOLID,61.75,LT,24.29,24.29,239.9852,1499.9075,FALSE,TRANSFERENCIA [INTERNO],FALSE,2026,REGISTRO
1513,2026-01-23,2026,19,2,135,,GRÚA TALLER,73.01,LT,27.39,27.39,319.959,1999.7439,FALSE,TRANSFERENCIA [INTERNO],FALSE,2026,REGISTRO
1514,2026-01-24,2026,1,2,135,,TRABAJOS COMPRESOR ALDEA VALLADOLID,93.15,LT,26.84,26.84,400.0234,2500.146,FALSE,TRANSFERENCIA [INTERNO],FALSE,2026,REGISTRO
1519,2026-01-24,2026,7,2,135,,TRABAJOS COMPRESOR ALDEA VALLADOLID,41.68,LT,23.99,23.99,159.9845,999.9032,FALSE,TRANSFERENCIA [INTERNO],FALSE,2026,REGISTRO
1520,2026-01-24,2026,14,2,135,,VIAJE VALLAD-MID FRANCISCO,33.32,LT,23.99,23.99,127.8955,799.3468,FALSE,TRANSFERENCIA [INTERNO],FALSE,2026,REGISTRO
1521,2026-01-26,2026,1,22,151,,TRABAJOS COMPRESOR CBP,1,SVOS,2155.17241379,2155.1724,344.8276,2500.0,FALSE,TRANSFERENCIA [INTERNO],FALSE,2026,REGISTRO
1522,2026-01-26,2026,1,2,135,,TRABAJOS COMPRESOR CBP,73.02,LT,27.39,27.39,320.0028,2000.0178,FALSE,TRANSFERENCIA [INTERNO],FALSE,2026,REGISTRO
1523,2026-01-26,2026,6,13,23,,"CAMBIO DE VÁLVULAS DEL DISCO (Z2), CAMBIO DE MOTOR HIDRÁULICO DEL DISCO (Z2), CAMBIO DE ACEITE HIDRÁULICO Y FILTROS, LAVADO DEL TANQUE HIDRÁULICO, REPARACIÓN DE 2 GATOS DE LEVANTE DEL DISCO, CAMBIO DE PCP, CALIBRACIÓN DE PRESIONES HIDRÁULICAS, DRENADO DEL ACEITE HIDRÁULICO.",1,SVOS,8000.0,8000.0,1280.0,9280.0,TRUE,TRANSFERENCIA [INTERNO],FALSE,2026,REGISTRO
1524,2026-01-26,2026,7,2,135,,TRABAJOS COMPRESOR CBP,29.18,LT,23.99,23.99,112.0045,700.0282,FALSE,TRANSFERENCIA [INTERNO],FALSE,2026,REGISTRO
1525,2026-01-26,2026,15,2,135,,DILIGENCIAS LUCIO,41.17,LT,24.29,24.29,160.0031,1000.0193,FALSE,TRANSFERENCIA [INTERNO],FALSE,2026,REGISTRO
1526,2026-01-27,2026,1,4,78,,SILICÓN NEGRO AUTOMOTRIZ (PARA DEPÓSITOS DE COMBUSTIBLE),1,PZA,63.27,63.27,10.1232,73.3932,TRUE,EFECTIVO,FALSE,2026,REGISTRO
1527,2026-01-27,2026,18,2,135,,DILIGENCIAS MAQUINARIA [EMPLEADO INTERNO],25.01,LT,23.99,23.99,95.9984,599.9899,FALSE,TRANSFERENCIA [INTERNO],FALSE,2026,REGISTRO
1528,2026-01-27,2026,15,2,135,,DILIGENCIAS LUCIO,41.68,LT,23.99,23.99,159.9845,999.9032,FALSE,TRANSFERENCIA [INTERNO],FALSE,2026,REGISTRO
1529,2026-01-28,2026,3,19,157,,TAPÓN CAZUELA CUMMINS SERIE-B 58MM,2,PZA,142.24,142.24,45.5168,329.9968,TRUE,EFECTIVO,FALSE,2026,REGISTRO
1530,2026-01-28,2026,18,2,135,,DILIGENCIAS MAQUINARIA [EMPLEADO INTERNO],14.59,LT,23.99,23.99,56.0023,350.0141,FALSE,TRANSFERENCIA [INTERNO],FALSE,2026,REGISTRO
1531,2026-01-29,2026,4,13,158,,REPARACIÓN DEL PARKING (CAMBIO DEL SOLENOIDE),1,SVOS,2300.0,2300.0,368.0,2668.0,TRUE,TRANSFERENCIA [INTERNO],FALSE,2026,REGISTRO
1532,2026-01-29,2026,15,2,135,,DILIGENCIAS LUCIO CBP,41.68,LT,23.99,23.99,159.9845,999.9032,FALSE,TRANSFERENCIA [INTERNO],FALSE,2026,REGISTRO
1533,2026-01-30,2026,7,2,135,,IDA AL TALLER DON VILLEGAS,41.68,LT,23.99,23.99,159.9845,999.9032,FALSE,TRANSFERENCIA [INTERNO],FALSE,2026,REGISTRO
1534,2026-01-30,2026,17,2,135,,LUCIO GENERADOR CBP,10.42,LT,23.99,23.99,39.9961,249.9758,FALSE,TRANSFERENCIA [INTERNO],FALSE,2026,REGISTRO
1539,2026-02-02,2026,9,2,151,,VISITAS MAQUINARIA,12.5135,LT,23.99,23.99,48.0318,300.1989,FALSE,EFECTIVO,FALSE,2026,REGISTRO
1540,2026-02-03,2026,15,2,135,,DILIGENCIAS LUCIO,41.68,LT,23.99,23.99,159.9845,999.9032,FALSE,TRANSFERENCIA [INTERNO],FALSE,2026,REGISTRO
1541,2026-02-04,2026,4,19,78,,MINI ABRAZADERA REFORZADA (PARA BOMBA DE COMBUSTIBLE),2,PZA,3.82,3.82,1.2224,8.8624,TRUE,EFECTIVO,FALSE,2026,REGISTRO
1542,2026-02-04,2026,4,4,78,,LIMPIADOR DE CONTACTOS ELÉCTRICOS,1,PZA,105.7,105.7,16.912,122.612,TRUE,EFECTIVO,FALSE,2026,REGISTRO
1543,2026-02-04,2026,4,4,78,,"CINTA DE AISLAR #33, 218M, NEGRA",1,PZA,14.37,14.37,2.2992,16.6692,TRUE,EFECTIVO,FALSE,2026,REGISTRO
1544,2026-02-05,2026,2,20,159,,"CRGA Y DESCARGA DE GENERADOR, XCANATÚN-DZITYA",1,SVOS,2155.1724137931037,2155.1724,344.8276,2500.0,FALSE,EFECTIVO,FALSE,2026,REGISTRO
1545,2026-02-05,2026,2,2,135,,CARGA PARA TRASLADO DE GENERADOR,127.78,LT,27.39,27.39,559.9831,3499.8942,FALSE,TRANSFERENCIA [INTERNO],FALSE,2026,REGISTRO
1550,2026-02-07,2026,20,26,160,,VENTA MARCH 02 (ENGANCHE),1,PZA,4310.344827586207,4310.3448,689.6552,5000.0,FALSE,EFECTIVO,FALSE,2026,REGISTRO
1551,2026-02-10,2026,20,9,120,,PAGO LÍNEA 9995538349 (83887801),1,SVOS,344.827586,344.8276,55.1724,400.0,FALSE,TRANSFERENCIA [INTERNO],FALSE,2026,REGISTRO
1552,2026-02-10,2026,20,9,120,,PAGO LÍNEA 9997405167 (83887802),1,SVOS,344.827586,344.8276,55.1724,400.0,FALSE,TRANSFERENCIA [INTERNO],FALSE,2026,REGISTRO
1553,2026-02-10,2026,20,9,120,,PAGO LÍNEA 9991273094 (83887802),1,SVOS,344.827586,344.8276,55.1724,400.0,FALSE,TRANSFERENCIA [INTERNO],FALSE,2026,REGISTRO
1554,2026-02-10,2026,20,9,120,,PAGO LÍNEA 9991271825 (83887807),1,SVOS,344.827586,344.8276,55.1724,400.0,FALSE,TRANSFERENCIA [INTERNO],FALSE,2026,REGISTRO
1555,2026-02-10,2026,20,9,120,,PAGO LÍNEA 9992428314 (83888867),1,SVOS,344.827586,344.8276,55.1724,400.0,FALSE,TRANSFERENCIA [INTERNO],FALSE,2026,REGISTRO
1556,2026-02-10,2026,20,9,120,,PAGO LÍNEA 9991278330 (83888866),1,SVOS,344.827586,344.8276,55.1724,400.0,FALSE,TRANSFERENCIA [INTERNO],FALSE,2026,REGISTRO
1557,2026-02-10,2026,20,9,120,,PAGO LÍNEA 9991278111 (83888865),1,SVOS,344.827586,344.8276,55.1724,400.0,FALSE,TRANSFERENCIA [INTERNO],FALSE,2026,REGISTRO
1558,2026-02-10,2026,20,9,120,,PAGO LÍNEA 9991635452 (83888871),1,SVOS,344.827586,344.8276,55.1724,400.0,FALSE,TRANSFERENCIA [INTERNO],FALSE,2026,REGISTRO
1559,2026-02-10,2026,20,9,120,,PAGO LÍNEA 9999015231 (83888868),1,SVOS,344.827586,344.8276,55.1724,400.0,FALSE,TRANSFERENCIA [INTERNO],FALSE,2026,REGISTRO
1560,2026-02-10,2026,20,9,120,,PAGO LÍNEA 9991558791 (83888905),1,SVOS,344.827586,344.8276,55.1724,400.0,FALSE,TRANSFERENCIA [INTERNO],FALSE,2026,REGISTRO
1561,2026-02-10,2026,15,2,135,,DILIGENCIAS LUCIO,41.68,LT,23.99,23.99,159.9845,999.9032,FALSE,TRANSFERENCIA [INTERNO],FALSE,2026,REGISTRO
1562,2026-02-11,2026,18,2,135,,DILIGENCIA TALADROS (REPARACIÓN NO FUNCIONÓ),20.84,LT,23.99,23.99,79.9923,499.9516,FALSE,TRANSFERENCIA [INTERNO],FALSE,2026,REGISTRO
1563,2026-02-12,2026,20,18,151,,REEMBOLSO TOTALPLAY,1,SVOS,836.21,836.21,133.7936,970.0036,FALSE,EFECTIVO,FALSE,2026,REGISTRO
1568,2026-02-13,2026,15,2,135,,DILIGENCIAS LUCIO,41.68,LT,23.99,23.99,159.9845,999.9032,FALSE,TRANSFERENCIA [INTERNO],FALSE,2026,REGISTRO
1569,2026-02-16,2026,20,26,160,,VENTA MARCH (1° PAGO),1,PZA,431.0344827586207,431.0345,68.9655,500.0,FALSE,EFECTIVO,FALSE,2026,REGISTRO
1570,2026-02-16,2026,4,19,161,,"O-RING DE VITON-75 #2-231 (SECC. 1/8"")D.",2,PZA,70.5,70.5,22.56,163.56,FALSE,EFECTIVO,FALSE,2026,REGISTRO
1571,2026-02-16,2026,4,19,161,,BACK-UP NB-90 RESPALDO P/O-RING #229 D.I,2,PZA,46.33,46.33,14.8256,107.4856,FALSE,EFECTIVO,FALSE,2026,REGISTRO
1572,2026-02-16,2026,10,2,135,,ARRANCADO DE PRUEBAS,20.84,LT,23.99,23.99,79.9923,499.9516,FALSE,TRANSFERENCIA [INTERNO],FALSE,2026,REGISTRO
1573,2026-02-16,2026,18,2,135,,"DILIGENCIAS MAQUINARIA [EMPLEADO INTERNO] (LIGAS BOMBA COMBUSTIBLE, R4)",14.59,LT,23.99,23.99,56.0023,350.0141,FALSE,TRANSFERENCIA [INTERNO],FALSE,2026,REGISTRO
1574,2026-02-16,2026,14,2,135,,DILIGENCIAS INGE OMAR,41.68,LT,23.99,23.99,159.9845,999.9032,FALSE,TRANSFERENCIA [INTERNO],FALSE,2026,REGISTRO
1575,2026-02-16,2026,9,2,151,,COMPRAS MAQUINARIA,29.1788,LT,23.99,23.99,111.9999,699.9994,FALSE,EFECTIVO,FALSE,2026,REGISTRO
1576,2026-02-18,2026,18,2,135,,"DILIGENCIAS MAQUINARIA [EMPLEADO INTERNO] (RENTA Z3, TALLER ARMANDO)",14.59,LT,23.99,23.99,56.0023,350.0141,FALSE,TRANSFERENCIA [INTERNO],FALSE,2026,REGISTRO
1577,2026-02-18,2026,14,2,135,,ING. FRANCISCO TULUM,41.17,LT,24.29,24.29,160.0031,1000.0193,FALSE,TRANSFERENCIA [INTERNO],FALSE,2026,REGISTRO
1578,2026-02-18,2026,6,2,135,,ENCENDIDO Y CARGA EN GRÚA PARA RENTA,51.11,LT,27.39,27.39,223.9845,1399.9029,FALSE,TRANSFERENCIA [INTERNO],FALSE,2026,REGISTRO
1579,2026-02-19,2026,14,2,135,,DILIGENCIAS INGE FRANCISCO TULUM,40.52,LT,24.69,24.69,160.0702,1000.4388,FALSE,TRANSFERENCIA [INTERNO],FALSE,2026,REGISTRO
1584,2026-02-20,2026,14,2,135,,[EMPLEADO INTERNO] CLÍNICA CONKAL,41.68,LT,23.99,23.99,159.9845,999.9032,FALSE,TRANSFERENCIA [INTERNO],FALSE,2026,REGISTRO
1585,2026-02-20,2026,15,2,135,,DILIGENCIAS LUCIO,41.68,LT,23.99,23.99,159.9845,999.9032,FALSE,TRANSFERENCIA [INTERNO],FALSE,2026,REGISTRO
1586,2026-02-24,2026,20,26,160,,VENTA MARCH (2° PAGO),1,PZA,431.0344827586207,431.0345,68.9655,500.0,FALSE,EFECTIVO,FALSE,2026,REGISTRO
1587,2026-02-24,2026,6,20,51,,RENTA TICUL,1,SVOS,8620.68,8620.68,1379.3088,9999.9888,FALSE,EFECTIVO,FALSE,2026,REGISTRO
1588,2026-02-26,2026,15,2,135,,DILIGENCIAS LUCIO,29.18,LT,23.99,23.99,112.0045,700.0282,FALSE,TRANSFERENCIA [INTERNO],FALSE,2026,REGISTRO
1593,2026-02-27,2026,14,2,135,,DILIGENCIAS ADMON JORGE,41.68,LT,23.99,23.99,159.9845,999.9032,FALSE,TRANSFERENCIA [INTERNO],FALSE,2026,REGISTRO
1594,2026-02-27,2026,9,2,151,,VISITAS MAQUINARIA,27.0946,LT,23.99,23.99,103.9999,649.9995,FALSE,EFECTIVO,FALSE,2026,REGISTRO
1595,2026-03-03,2026,20,26,160,,VENTA MARCH (3° PAGO),1,PZA,431.0344827586207,431.0345,68.9655,500.0,FALSE,EFECTIVO,FALSE,2026,REGISTRO
1596,2026-03-03,2026,14,2,135,,ING. FRANCISCO CASA CEVICHE,34.44,LT,23.99,23.99,132.1945,826.2156,FALSE,TRANSFERENCIA [INTERNO],FALSE,2026,REGISTRO
1597,2026-03-03,2026,15,2,135,,DILIGENCIAS LUCIO,41.68,LT,23.99,23.99,159.9845,999.9032,FALSE,TRANSFERENCIA [INTERNO],FALSE,2026,REGISTRO
1602,2026-03-07,2026,2,19,162,,SOLDADURA DEFENSA,1,SVOS,1500.0,1500.0,240.0,1740.0,FALSE,EFECTIVO,FALSE,2026,REGISTRO
1603,2026-03-07,2026,4,19,162,,SOLDADURA BASES CONEXIONES RÁPIDAS MARTILLO,1,SVOS,1000.0,1000.0,160.0,1160.0,FALSE,EFECTIVO,FALSE,2026,REGISTRO
1604,2026-03-11,2026,15,2,135,,DILIGENCIAS LUCIO,40.83,LT,24.49,24.49,159.9883,999.9267,FALSE,TRANSFERENCIA [INTERNO],FALSE,2026,REGISTRO
1605,2026-03-11,2026,9,2,151,,DILIGENCIAS MAQUINARIA,12,LT,24.49,24.49,47.0208,293.88,FALSE,EFECTIVO,FALSE,2026,REGISTRO
1610,2026-03-17,2026,20,26,160,,VENTA MARCH (4° PAGO),1,PZA,3469.8275862068967,3469.8276,555.1724,4025.0,FALSE,EFECTIVO,FALSE,2026,REGISTRO
1611,2026-03-17,2026,15,2,135,,DILIGENCIAS LUCIO,40.67,LT,24.59,24.59,160.012,1000.0753,FALSE,TRANSFERENCIA [INTERNO],FALSE,2026,REGISTRO
1612,2026-03-19,2026,15,2,135,,DILIGENCIAS LUCIO,41.68,LT,23.99,23.99,159.9845,999.9032,FALSE,TRANSFERENCIA [INTERNO],FALSE,2026,REGISTRO
1613,2026-03-20,2026,20,18,151,,REEMBOLSO TOTALPLAY,1,SVOS,836.21,836.21,133.7936,970.0036,FALSE,EFECTIVO,FALSE,2026,REGISTRO
1614,2026-03-20,2026,14,2,135,,DILIGENCIAS LUCIO CBP,32.64,LT,23.99,23.99,125.2854,783.0336,FALSE,TRANSFERENCIA [INTERNO],FALSE,2026,REGISTRO
1619,2026-03-20,2026,6,12,3,,"MANGUERA HIDRÁULICA COVALCA 5/8"" A 350 PSI, BAJA PRESIÓN, SAE100R6, AGUA/ACEITE/GASOLINA, 1 MALLA TEXTIL, SERIE 82",1,MT,93.8556,93.8556,15.0169,108.8725,TRUE,TRANSFERENCIA [INTERNO],FALSE,2026,REGISTRO
1620,2026-03-20,2026,6,12,3,,"MANGUERA HIDRÁULICA PARKER 1/2"" A 3000 PSI, ALTA PRESIÓN, FLUIDOS HID/ACEITES, CAUCHO/TRENZA ACERO, SERIE 43",0.45,MT,237.312,237.312,17.0865,123.8769,TRUE,TRANSFERENCIA [INTERNO],FALSE,2026,REGISTRO
1621,2026-03-20,2026,6,12,3,,"CONEXIÓN CRIMPABLE HYD PARA MANGUERA ALTA PRESIÓN DE 1/2"" X 1/2"" HEMBRA GITATORA FLER ACERO",2,PZA,77.1624,77.1624,24.692,179.0168,TRUE,TRANSFERENCIA [INTERNO],FALSE,2026,REGISTRO
1622,2026-03-20,2026,6,19,3,,"ADAPTADOR CODO 90 PARKER DE ACERO MACHO JIC 37 FLARE 3/8"" X MACHO SAE, O-RING DE 1/2""",2,PZA,189.6022,189.6022,60.6727,439.8771,TRUE,TRANSFERENCIA [INTERNO],FALSE,2026,REGISTRO
1623,2026-03-20,2026,6,19,3,,"ABRAZADERA IDEAL TRIDON ACERO INOXIDABLE TORNILLO DE ACERO AL CARBÓN 1/2"" X 1 1/8""",1,PZA,9.6348,9.6348,1.5416,11.1764,TRUE,TRANSFERENCIA [INTERNO],FALSE,2026,REGISTRO
1624,2026-03-20,2026,4,19,3,,"COPLE RÁPIDO HIDRÁULICO HEMBRA 3/4"" NPT 3000 PSI (NO FUGAS)",1,PZA,1827.3792,1827.3792,292.3807,2119.7599,TRUE,TRANSFERENCIA [INTERNO],FALSE,2026,REGISTRO
1625,2026-03-20,2026,4,19,3,,"COPLE RÁPIDO HIDRÁULICO MACHO 3/4"" NPT 3000 PSI (NO FUGAS)",1,PZA,909.248,909.248,145.4797,1054.7277,TRUE,TRANSFERENCIA [INTERNO],FALSE,2026,REGISTRO
1626,2026-03-26,2026,6,13,163,,SOLDADURA MOFLE DEL TURBO,1,SVOS,1379.3103448275863,1379.3103,220.6897,1600.0,FALSE,EFECTIVO,FALSE,2026,REGISTRO
1627,2026-03-28,2026,3,19,160,,MOLDURA LUCES,1,PZA,500.0,500.0,80.0,580.0,FALSE,EFECTIVO,FALSE,2026,REGISTRO
1628,2026-04-04,2026,20,18,151,,REEMBOLSO TOTALPLAY,1,SVOS,836.2068965517242,836.2069,133.7931,970.0,FALSE,EFECTIVO,FALSE,2026,REGISTRO
1629,2026-04-05,2026,9,2,135,,CARGA ATTITUDE,22.9262,LT,23.99,23.99,87.9999,549.9995,FALSE,EFECTIVO,FALSE,2026,REGISTRO
1630,2026-04-07,2026,6,13,158,,INSTALACIÓN DE LA PCP DE TRANSMISIÓN,1,SVOS,2844.8275862068967,2844.8276,455.1724,3300.0,FALSE,EFECTIVO,FALSE,2026,REGISTRO
1631,2026-04-10,2026,20,18,151,,REEMBOLSO ARCHIE LLANTA Z3,1,SVOS,413.7931,413.7931,66.2069,480.0,FALSE,EFECTIVO,FALSE,2026,REGISTRO
1632,2026-04-13,2026,6,4,149,,RALOY HIDRALOY 300 (ISO68) C-19LTS,3,PZA,932.84,932.84,447.7632,3246.2832,TRUE,TRANSFERENCIA [INTERNO],FALSE,2026,REGISTRO
1633,2026-04-13,2026,6,19,13,,KIT REPARACIÓN GATO ESTABILIZADOR DERECHO Z3,1,PZA,2546.84,2546.84,407.4944,2954.3344,TRUE,TRANSFERENCIA [INTERNO],FALSE,2026,REGISTRO
1634,2026-04-13,2026,6,25,164,,TRASLADO Z3 [INTERNO]-TRAMONTANA,1,SVOS,2500.0,2500.0,400.0,2900.0,TRUE,TRANSFERENCIA [INTERNO],FALSE,2026,REGISTRO
1635,2026-04-13,2026,2,19,143,,MANGUERAS Y CONEXIONES PALANCA CAMIÓN KODIAK,1,PZA,715.13,715.13,114.4208,829.5508,TRUE,TRANSFERENCIA [INTERNO],FALSE,2026,REGISTRO
1636,2026-04-16,2026,2,21,151,,TRASLADO DE ESTRUCTURA A CIERZO,1,SVOS,,0.0,0.0,0.0,FALSE,-,FALSE,2026,REGISTRO
1637,2026-04-20,2026,6,19,28,,CUBETA PICAS,1,PZA,9800.0,9800.0,1568.0,11368.0,TRUE,TRANSFERENCIA [INTERNO],FALSE,2026,REGISTRO
1638,2026-04-21,2026,14,19,2,,SERVICIO LIGERO NISSAN 69,1,PZA,3128.6,3128.6,500.576,3629.176,TRUE,TRANSFERENCIA [INTERNO],FALSE,2026,REGISTRO
1639,2026-04-21,2026,14,19,16,,CAMBIO DE MARCHA NISSAN 69,1,PZA,1587.13,1587.13,253.9408,1841.0708,TRUE,TRANSFERENCIA [INTERNO],FALSE,2026,REGISTRO
1640,2026-04-25,2026,16,19,165,,CAMBIO MEDALLÓN TRASERO (DEDUCIBLE),1,PZA,800.0,800.0,128.0,928.0,TRUE,TRANSFERENCIA [INTERNO],FALSE,2026,REGISTRO
1641,2026-04-27,2026,2,13,166,,"REPARACIÓN FUGAS DE AIRE, CORRECCIÓN SISTEMA ELÉCTRICO DE CABINA",1,SVOS,6750.0,6750.0,1080.0,7830.0,TRUE,TRANSFERENCIA [INTERNO],FALSE,2026,REGISTRO
1642,2026-04-27,2026,15,19,19,,REPARACIÓN LLANTA,1,SVOS,129.31,129.31,20.6896,149.9996,TRUE,TRANSFERENCIA [INTERNO],FALSE,2026,REGISTRO
1643,2026-04-28,2026,20,9,167,,CAJAS PARA MAQUINARIA (28 LTS),4,PZA,827.59,827.59,529.6576,3840.0176,TRUE,TRANSFERENCIA [INTERNO],FALSE,2026,REGISTRO
1644,2026-04-28,2026,4,19,19,,REPARACIÓN LLANTA TRASERA Y DELANTERA,1,SVOS,508.61,508.61,81.3776,589.9876,TRUE,TRANSFERENCIA [INTERNO],FALSE,2026,REGISTRO
1645,2026-04-29,2026,6,13,168,,FABRICACIÓN DE VÁSTAGO GATO HIDRÁULICO DERECHO,1,SVOS,6300.0,6300.0,1008.0,7308.0,TRUE,TRANSFERENCIA [INTERNO],FALSE,2026,REGISTRO
1646,2026-04-29,2026,20,19,2,,SELLOS,1,PZA,115.31,115.31,18.4496,133.7596,FALSE,EFECTIVO,FALSE,2026,REGISTRO
1647,2026-04-30,2026,6,4,149,,ANTICONGELANTE (50%) Z3,1,PZA,696.47,696.47,111.4352,807.9052,TRUE,TRANSFERENCIA [INTERNO],FALSE,2026,REGISTRO
1648,2026-04-30,2026,14,4,2,,CUBETA ANTICONGELANTE,1,PZA,983.73,983.73,157.3968,1141.1268,TRUE,TRANSFERENCIA [INTERNO],FALSE,2026,REGISTRO
1649,2026-04-30,2026,3,13,169,,FABRICACIÓN DE TANQUES RADIADOR CASE (1/2),1,SVOS,5900.0,5900.0,944.0,6844.0,TRUE,TRANSFERENCIA [INTERNO],FALSE,2026,REGISTRO
1650,2026-05-02,2026,18,19,19,,REPARACIÓN LLANTA MARCH/ATTITUDE,3,SVOS,112.07,112.07,53.7936,390.0036,TRUE,TRANSFERENCIA [INTERNO],FALSE,2026,REGISTRO
1651,2026-05-05,2026,6,4,149,,"ACEITE GL-5, ANTICONGELANTE",1,PZA,2170.4,2170.4,347.264,2517.664,TRUE,TRANSFERENCIA [INTERNO],FALSE,2026,REGISTRO
1652,2026-05-05,2026,6,19,56,,SELLOS Y O-RINGS,1,PZA,1575.63,1575.63,252.1008,1827.7308,FALSE,EFECTIVO,FALSE,2026,REGISTRO
1653,2026-05-06,2026,20,9,78,,PINZAS,1,PZA,210.629,210.629,33.7006,244.3296,FALSE,EFECTIVO,FALSE,2026,REGISTRO
1654,2026-05-06,2026,16,19,19,,REPARACIÓN LLANTA,1,SVOS,103.45,103.45,16.552,120.002,TRUE,TRANSFERENCIA [INTERNO],FALSE,2026,REGISTRO
1655,2026-05-07,2026,6,4,28,,SELLOS Y O-RING VITÓN MOTOR HIDRÁULICO DISCO,1,PZA,1276.7,1276.7,204.272,1480.972,TRUE,TRANSFERENCIA [INTERNO],FALSE,2026,REGISTRO
1656,2026-05-07,2026,1,19,170,,ACOPLAMIENTO UNIDAD DE AIRE,1,PZA,18069.905,18069.905,2891.1848,20961.0898,FALSE,ING.MAGAÑA,FALSE,2026,REGISTRO
1657,2026-05-07,2026,1,19,170,,4 piezas de inyector de combustible tipo lápiz RE507766 RE531436 38416 para motores John Deere 4045,1,PZA,2647.017,2647.017,423.5227,3070.5397,FALSE,ING.MAGAÑA,FALSE,2026,REGISTRO
1658,2026-05-08,2026,6,4,149,,RALOY HIDRALOY 300 (ISO68) C-19LTS,6,PZA,932.84,932.84,895.5264,6492.5664,TRUE,TRANSFERENCIA [INTERNO],FALSE,2026,REGISTRO
1659,2026-05-08,2026,6,4,14,,FILTRO ACEITE P-551100 DONALDSON (LF16117),1,PZA,350.8,350.8,56.128,406.928,FALSE,TRANSFERENCIA [INTERNO],FALSE,2026,REGISTRO
1660,2026-05-08,2026,6,4,14,,FILTRO COMBUSTIBLE P-550248 DONALDSON (FS1251),1,PZA,171.77,171.77,27.4832,199.2532,FALSE,TRANSFERENCIA [INTERNO],FALSE,2026,REGISTRO
1661,2026-05-08,2026,6,4,14,,FILTRO COMBUSTIBLE P-558000 DONALDSON (FS-1212),1,PZA,215.0,215.0,34.4,249.4,FALSE,TRANSFERENCIA [INTERNO],FALSE,2026,REGISTRO
1662,2026-05-08,2026,6,4,14,,FILTRO AIRE P-827653 DONALDSON (AF-25555),1,PZA,568.08,568.08,90.8928,658.9728,FALSE,TRANSFERENCIA [INTERNO],FALSE,2026,REGISTRO
1663,2026-05-08,2026,6,4,14,,FILTRO AIRE P-829332 DONALDSON (AF25484),1,PZA,453.91,453.91,72.6256,526.5356,FALSE,TRANSFERENCIA [INTERNO],FALSE,2026,REGISTRO
1664,2026-05-08,2026,6,4,14,,FILTRO TRANSMISION P-179342 DONALDSON (HF35150),1,PZA,1125.0,1125.0,180.0,1305.0,FALSE,TRANSFERENCIA [INTERNO],FALSE,2026,REGISTRO
1665,2026-05-08,2026,6,4,14,,FILTRO HIDRÁULICO P-164384 DONALDSON (HF6555),1,PZA,836.21,836.21,133.7936,970.0036,FALSE,POR CONFIRMAR,FALSE,2026,REGISTRO
1666,2026-05-08,2026,6,4,14,,ACEITE DE MOTOR 15W40,1,PZA,1691.18,1691.18,270.5888,1961.7688,FALSE,TRANSFERENCIA [INTERNO],FALSE,2026,REGISTRO
1667,2026-05-08,2026,6,4,14,,ACEITE HIDRÁULICO ISO68,4,PZA,1150.86,1150.86,736.5504,5339.9904,FALSE,TRANSFERENCIA [INTERNO],FALSE,2026,REGISTRO
1668,2026-05-08,2026,6,4,14,,ACEITE DE TRANSMISION ATF DEXRON III,1,PZA,1627.84,1627.84,260.4544,1888.2944,FALSE,TRANSFERENCIA [INTERNO],FALSE,2026,REGISTRO
1669,2026-05-08,2026,6,4,14,,ANTICONGELANTE (50%) ROSHFRANS Z3,1,PZA,1061.85,1061.85,169.896,1231.746,FALSE,TRANSFERENCIA [INTERNO],FALSE,2026,REGISTRO
1670,2026-05-08,2026,6,4,14,,ACEITE DE TRANSMISIÓN GL-5 SAE 85W140,1,PZA,1814.73,1814.73,290.3568,2105.0868,FALSE,TRANSFERENCIA [INTERNO],FALSE,2026,REGISTRO
1671,2026-05-08,2026,20,4,14,,"SERVICIO LIGERO Z3, ACUMULADOR Z3, ACUMULADOR R1",1,PZA,20059.9,20059.9,3209.584,23269.484,TRUE,TRANSFERENCIA [INTERNO],FALSE,2026,REGISTRO
1672,2026-05-08,2026,3,4,14,,SERVICIO PESADO R1,1,PZA,5518.97,5518.97,883.0352,6402.0052,TRUE,TRANSFERENCIA [INTERNO],FALSE,2026,REGISTRO
1673,2026-05-09,2026,6,4,171,,SELLOS Z3,1,PZA,319.637,319.637,51.1419,370.7789,FALSE,EFECTIVO,FALSE,2026,REGISTRO
1674,2026-05-09,2026,14,19,16,,BOMBA DE GASOLINA,1,PZA,2181.32,2181.32,349.0112,2530.3312,TRUE,TRANSFERENCIA [INTERNO],FALSE,2026,REGISTRO
1675,2026-05-11,2026,20,9,78,,DADO 5/8,1,PZA,66.55,66.55,10.648,77.198,FALSE,EFECTIVO,FALSE,2026,REGISTRO
1676,2026-05-13,2026,3,19,19,,REPARACIÓN LLANTA,1,SVOS,206.89,206.89,33.1024,239.9924,TRUE,TRANSFERENCIA [INTERNO],FALSE,2026,REGISTRO
1677,2026-05-16,2026,6,13,172,,"REPARACIÓN MOTOR HIDRÁULICO (BANANO), CAMBIO DE SELLOS Y O-RINGS",1,SVOS,2500.0,2500.0,400.0,2900.0,FALSE,EFECTIVO,FALSE,2026,REGISTRO
1678,2026-05-19,2026,3,19,40,,SOPORTE TEN SOR PARA BASE DE RADIADOR,1,PZA,431.8,431.8,69.088,500.888,TRUE,TRANSFERENCIA [INTERNO],FALSE,2026,REGISTRO
1679,2026-05-25,2026,2,21,151,,COLOCACIÓN DE REGISTROS EN OBRA,1,SVOS,,0.0,0.0,0.0,FALSE,-,FALSE,2026,REGISTRO
1680,2026-05-25,2026,2,13,166,,"REVISIÓN MOTOR, REPARACIÓN INYECTORES (6) EN LABORATORIO",1,PZA,21767.2413,21767.2413,3482.7586,25249.9999,FALSE,EFECTIVO,FALSE,2026,REGISTRO
1681,2026-05-27,2026,17,14,173,,HOSPEDAJE EN TULUM [EMPLEADO INTERNO] Y AYUDANTE,1,SVOS,887.0689,887.0689,141.931,1028.9999,TRUE,EFECTIVO,FALSE,2026,REGISTRO
1682,2026-05-27,2026,20,15,174,,HOSPEDAJE [EMPLEADO INTERNO] Y EDUARDO (TULUM),1,SVOS,3028.0,3028.0,484.48,3512.48,FALSE,EFECTIVO,FALSE,2026,REGISTRO
1683,2026-05-27,2026,4,25,164,,TRASLADO R4 [INTERNO]-TRAMONTANA,1,SVOS,3500.0,3500.0,560.0,4060.0,TRUE,TRANSFERENCIA [INTERNO],FALSE,2026,REGISTRO
1684,2026-05-27,2026,4,4,175,,RECARGA DE NITRÓGENO,1,SVOS,862.069,862.069,137.931,1000.0,FALSE,EFECTIVO,FALSE,2026,REGISTRO
1685,2026-05-28,2026,20,15,173,,HOSPEDAJE EN TULUM [EMPLEADO INTERNO] Y AYUDANTE,1,SVOS,900.0,900.0,144.0,1044.0,TRUE,EFECTIVO,FALSE,2026,REGISTRO
1686,2026-05-28,2026,20,19,96,,INSUMOS PARA RODAR LLANTA CÁMPER TULUM,1,PZA,344.84,344.84,55.1744,400.0144,TRUE,TRANSFERENCIA [INTERNO],FALSE,2026,REGISTRO
1687,2026-05-28,2026,4,4,149,,GRASA MOLI (MARTILLO) GRASA MULTIUSOS (CHÁSIS),1,PZA,2950.7,2950.7,472.112,3422.812,TRUE,TRANSFERENCIA [INTERNO],FALSE,2026,REGISTRO
1688,2026-05-30,2026,3,13,169,,FABRICACIÓN DE TANQUES RADIADOR CASE (2/2),1,SVOS,5900.0,5900.0,944.0,6844.0,TRUE,TRANSFERENCIA [INTERNO],FALSE,2026,REGISTRO
1689,2026-06-01,2026,6,13,23,,SALDO DE MANO DE OBRA POR TRABAJOS,1,SVOS,6896.5517,6896.5517,1103.4483,8000.0,FALSE,EFECTIVO,FALSE,2026,REGISTRO
1690,2026-06-08,2026,6,19,100,,"CUBETA DE 50 PICAS 7/8""",50,PZA,215.5172,215.5172,1724.1376,12499.9976,FALSE,EFECTIVO,FALSE,2026,REGISTRO
1691,2026-06-10,2026,6,19,177,,JUNTA DE TURBO ISB WORKER 4CIL. QSB 4.5,1,PZA,390.0,390.0,62.4,452.4,TRUE,TRANSFERENCIA [INTERNO],FALSE,2026,REGISTRO
1692,2026-06-10,2026,6,19,177,,TERMOSTATO CUMMINS QSB 4.5,1,PZA,640.0,640.0,102.4,742.4,TRUE,TRANSFERENCIA [INTERNO],FALSE,2026,REGISTRO
1693,2026-06-10,2026,6,19,177,,JUNTA DE MÚLTIPLE ESCAPE,6,PZA,295.0,295.0,283.2,2053.2,TRUE,TRANSFERENCIA [INTERNO],FALSE,2026,REGISTRO
1694,2026-06-10,2026,6,4,177,,TOALLAS SCOTT SHOP,2,PZA,52.22,52.22,16.7104,121.1504,TRUE,TRANSFERENCIA [INTERNO],FALSE,2026,REGISTRO
1695,2026-06-10,2026,6,4,177,,LIMPIADOR Y DESENGRASANTE WD40,1,PZA,210.52,210.52,33.6832,244.2032,TRUE,TRANSFERENCIA [INTERNO],FALSE,2026,REGISTRO
1696,2026-06-10,2026,6,4,177,,AFLOJA TODO/ HW 40 DIELÉCTRICO,1,PZA,82.36,82.36,13.1776,95.5376,TRUE,TRANSFERENCIA [INTERNO],FALSE,2026,REGISTRO
1697,2026-06-11,2026,5,19,100,,50% PAGO DEL MOTOR CUMMINS QSB 4.5,1,PZA,43103.44827,43103.4483,6896.5517,50000.0,FALSE,EFECTIVO,FALSE,2026,REGISTRO
1698,2026-06-11,2026,6,19,37,,TORNILLO ALLEN MM 10X65,3,PZA,18.135,18.135,8.7048,63.1098,TRUE,EFECTIVO,FALSE,2026,REGISTRO
1699,2026-06-13,2026,6,12,143,,CONEXIÓN HEMBRA JIC-10-10 P/4 MALLAS,1,PZA,183.65,183.65,29.384,213.034,TRUE,EFECTIVO,FALSE,2026,REGISTRO
1700,2026-06-13,2026,6,12,143,,MANGUERA 4 MALLAS 4000 PSI 5/8,1.52,MT,359.98,359.98,87.5471,634.7167,TRUE,EFECTIVO,FALSE,2026,REGISTRO
1701,2026-06-13,2026,6,12,143,,CONEXIÓN HEMBRA JIC A 90° 210-10 P/2,1,PZA,251.94,251.94,40.3104,292.2504,TRUE,EFECTIVO,FALSE,2026,REGISTRO
1702,2026-06-16,2026,3,19,56,,TUERCAS PARA BASE DE RADIADOR-MOTOR,10,PZA,33.13,33.13,53.008,384.308,TRUE,EFECTIVO,FALSE,2026,REGISTRO
1703,2026-06-17,2026,3,19,32,,TOR.C/HEXAGONAL MM ACWERO INOX 6X20,6,PZA,2.698,2.698,2.5901,18.7781,TRUE,EFECTIVO,FALSE,2026,REGISTRO
1704,2026-06-17,2026,3,19,32,,TCA C/INSERTO NYLON 6MM,6,PZA,1.318,1.318,1.2653,9.1733,TRUE,EFECTIVO,FALSE,2026,REGISTRO
1705,2026-06-17,2026,3,19,32,,RONDANA PLANA DE ACERO INOX 1/4,12,PZA,0.844,0.844,1.6205,11.7485,TRUE,EFECTIVO,FALSE,2026,REGISTRO
1706,2026-06-17,2026,3,19,32,,TOR.GRADO 8 C/HEX STD 1/2 X 1 1/4,2,PZA,9.02,9.02,2.8864,20.9264,TRUE,EFECTIVO,FALSE,2026,REGISTRO
1707,2026-06-17,2026,3,19,32,,TOR HEX MM C-8.8 STD 10X25,2,PZA,3.614,3.614,1.1565,8.3845,TRUE,EFECTIVO,FALSE,2026,REGISTRO
1708,2026-06-17,2026,3,19,32,,TOR FLANGE CAB HEX G 8.8,4,PZA,6.538,6.538,4.1843,30.3363,TRUE,EFECTIVO,FALSE,2026,REGISTRO
1709,2026-06-17,2026,3,19,32,,TUERCA CROMADA DE LUJO 12 1.5X13/16X30.5MM,2,PZA,12.68,12.68,4.0576,29.4176,TRUE,EFECTIVO,FALSE,2026,REGISTRO
1710,2026-06-17,2026,6,19,143,,CODO 90° MACHO O-RING-BOSS X MAC,1,PZA,95.69,95.69,15.3104,111.0004,TRUE,EFECTIVO,FALSE,2026,REGISTRO
1711,2026-06-17,2026,20,9,143,,LIMPIADOR DE CONTACTOS ELÉCTRICOS,1,PZA,104.28,104.28,16.6848,120.9648,TRUE,EFECTIVO,FALSE,2026,REGISTRO
1712,2026-06-17,2026,20,9,143,,TOALLA ABSORVENTE SCOTT SHOP,1,PZA,73.28,73.28,11.7248,85.0048,TRUE,EFECTIVO,FALSE,2026,REGISTRO
1713,2026-06-17,2026,20,9,78,,"LLAVE DE BANDA, 255MM (REMOVEDOR DE FILTROS)",1,PZA,222.12,222.12,35.5392,257.6592,TRUE,EFECTIVO,FALSE,2026,REGISTRO
1714,2026-06-18,2026,6,13,178,,REPARACIÓN TURBO CUMMINS QSB4.5,1,SVOS,7413.793,7413.793,1186.2069,8599.9999,FALSE,EFECTIVO,FALSE,2026,REGISTRO
1715,2026-06-23,2026,4,12,143,,MANGUERA SAE100R6-7/8 TIPO 831,1,MT,188.31,188.31,30.1296,218.4396,TRUE,EFECTIVO,FALSE,2026,REGISTRO
1716,2026-06-23,2026,20,9,143,,TOALLA ABSORVENTE SCOTT SHOP,1,PZA,73.28,73.28,11.7248,85.0048,TRUE,EFECTIVO,FALSE,2026,REGISTRO
1717,2026-06-23,2026,20,9,143,,PRO DESENGRASANTE DE MOTORO PRO ONE 550ML,1,PZA,74.22,74.22,11.8752,86.0952,TRUE,EFECTIVO,FALSE,2026,REGISTRO
1718,2026-06-23,2026,6,19,143,,MANGUERA SAE100R76-7/8,1,MT,188.31,188.31,30.1296,218.4396,TRUE,EFECTIVO,FALSE,2026,REGISTRO
1719,2026-06-23,2026,6,4,143,,TOALLAS SCOTT SHOP,1,PZA,73.28,73.28,11.7248,85.0048,TRUE,EFECTIVO,FALSE,2026,REGISTRO
1720,2026-06-23,2026,6,4,143,,PRO-DESENGRASANTE DE MOTOR PRO ONE 550ML,1,PZA,74.22,74.22,11.8752,86.0952,TRUE,EFECTIVO,FALSE,2026,REGISTRO
1721,2026-06-27,2026,1,13,152,,50% INSTALACIÓN DE COPLE DE LA UNIDAD DE AIRE Y DE INYECTORES,1,SVOS,3362.068,3362.068,537.9309,3899.9989,FALSE,EFECTIVO,FALSE,2026,REGISTRO
1722,2026-06-29,2026,3,19,124,,TOR.GRADO 8 C/HEX STD 5/8X8,1,PZA,64.484,64.484,10.3174,74.8014,TRUE,EFECTIVO,FALSE,2026,REGISTRO
1723,2026-06-29,2026,3,19,32,,ARANDELA PLANA ESTRUCTURAL 5/8,2,PZA,2.94,2.94,0.9408,6.8208,TRUE,EFECTIVO,FALSE,2026,REGISTRO
1724,2026-06-29,2026,3,19,32,,TUERCA GRIPCO G-8 5/8 STD,1,PZA,6.08,6.08,0.9728,7.0528,TRUE,EFECTIVO,FALSE,2026,REGISTRO
1725,2026-06-29,2026,3,19,32,,TOR FLANGE CAB HEX 10.9MM 6X16,2,PZA,2.136,2.136,0.6835,4.9555,TRUE,EFECTIVO,FALSE,2026,REGISTRO
1726,2026-06-29,2026,3,19,32,,PIJA C/FIJ.ACERO INOX 8X3/4,8,PZA,1.1613,1.1613,1.4865,10.7769,TRUE,EFECTIVO,FALSE,2026,REGISTRO
1727,2026-06-29,2026,3,19,32,,TOR FLANGE CAB HEX 10.9 MM 6X20,4,PZA,2.396,2.396,1.5334,11.1174,TRUE,EFECTIVO,FALSE,2026,REGISTRO
1728,2026-06-29,2026,6,12,3,,"MANGUERA HIDRÁULICA PARKER 1/2"" A 4000 PSI, ALTA PRESIÓN, SAE100R2, 2 MALLAS",0.54,MT,260.8896,260.8896,22.5409,163.4212,TRUE,EFECTIVO,FALSE,2026,REGISTRO
1729,2026-06-29,2026,6,12,3,,"CONEXIÓN CRIMPABLE HYD PARA MANGUERA ALTA PRESIÓN DE 1/2"" X 1/2"" HEMBRA GITATORA FLER ACERO",2,PZA,65.8495,65.8495,21.0718,152.7708,TRUE,EFECTIVO,FALSE,2026,REGISTRO
1730,2026-06-29,2026,6,19,3,,"MANGUERA HIDRÁULICA PARKER DE 1/2 PULG. A 4000 PSI, ALTA PRESIÓN, SAE100R2, SERIE 43/30",0.54,MT,260.8896,260.8896,22.5409,163.4212,TRUE,EFECTIVO,FALSE,2026,REGISTRO
1731,2026-06-29,2026,6,19,3,,"CONEXIÓN CRIMPABLE HYD PARA MANGUERA ALTA PRESIÓN DE 1/2"" X 1/2"" HIMBRA GITATORA FLER ACERO",2,PZA,65.8495,65.8495,21.0718,152.7708,TRUE,EFECTIVO,FALSE,2026,REGISTRO
1732,2026-07-01,2026,4,19,143,,CONEXIÓN HEMBRA JIC-37° PARA 1 Y 2 TRENZAS,1,PZA,225.17,225.17,36.0272,261.1972,TRUE,EFECTIVO,FALSE,2026,REGISTRO
1733,2026-07-01,2026,4,19,143,,CONEXIÓN HEMBRA CARA PLANA PARA 1 Y 2 TRENZAS,1,PZA,211.25,211.25,33.8,245.05,TRUE,EFECTIVO,FALSE,2026,REGISTRO
1734,2026-07-01,2026,4,19,143,,MANGUERA KOMAN SAE100R2AT,3.16,MT,182.5,182.5,92.272,668.972,TRUE,EFECTIVO,FALSE,2026,REGISTRO
1735,2026-07-01,2026,20,9,143,,"LLAVE COMBINADA CON MATRACA 3/4""",1,PZA,156.25,156.25,25.0,181.25,TRUE,EFECTIVO,FALSE,2026,REGISTRO
1736,2026-07-01,2026,4,19,5,,JUNTA DE CARTER,1,PZA,1528.26,1528.26,244.5216,1772.7816,TRUE,EFECTIVO,FALSE,2026,REGISTRO
1737,2026-07-07,2026,1,13,152,,50% INSTALACIÓN DE COPLE DE LA UNIDAD DE AIRE Y DE INYECTORES,1,SVOS,336.20699,336.207,53.7931,390.0001,FALSE,EFECTIVO,FALSE,2026,REGISTRO
1738,2027-06-23,2026,3,13,179,,REPARACIÓN Y MANTENIMIENTO DE INTERCOOLER RADIADOR,1,SVOS,1551.7241379,1551.7241,248.2759,1800.0,FALSE,EFECTIVO,FALSE,2026,REGISTRO
